,customer_id,age,income,purchase_amount,gender,region,total_purchases,preferred_product_category,customer_loyalty_score,signup_date,last_purchase_date,month,year,difference_between_last_purchase_signup,Days since last purchase,purchase_group_by_monthsname
1,2,69.0,50200.0,252.2146926448812,Male,North,27.0,Toys,14.402035805169955,2022-03-14,2022-07-03,3,2022,111,-1214,2022-07
4,5,60.0,112300.0,1528.118234903052,Female,West,6.0,Clothing,28.89378505717169,2021-04-21,2021-06-02,4,2021,42,-1610,2021-06
7,8,38.0,81000.0,1970.645619079536,Male,East,8.0,Clothing,70.9528063576598,2021-06-26,2022-12-21,6,2021,543,-1043,2022-12
8,9,56.0,114300.0,1540.650761920155,Female,East,9.0,Clothing,61.2402908102972,2022-11-05,2023-05-30,11,2022,206,-883,2023-05
9,10,75.0,83600.0,880.0357663196111,Female,West,15.0,Toys,95.11081820826126,2022-07-05,2022-11-13,7,2022,131,-1081,2022-11
10,11,36.0,56300.0,903.9550051571664,Male,North,36.0,Toys,81.77778839716281,2022-06-22,2023-02-08,6,2022,231,-994,2023-02
15,16,70.0,103600.0,66.59433893991556,Female,West,47.0,Health,43.90530399513951,2021-04-08,2023-05-21,4,2021,773,-892,2023-05
18,19,41.0,114500.0,275.76540158135856,Female,East,19.0,Toys,52.78742078895624,2021-06-19,2021-12-22,6,2021,186,-1407,2021-12
19,20,20.0,64900.0,217.1020953613748,Male,North,39.0,Health,59.42535671999188,2021-02-25,2022-07-25,2,2021,515,-1192,2022-07
20,21,39.0,30200.0,1214.3204879170416,Female,West,6.0,Toys,56.87856826541749,2021-11-21,2022-07-27,11,2021,248,-1190,2022-07
21,22,70.0,68400.0,1056.7290833621712,Male,South,19.0,Health,11.654836343355402,2022-10-20,2023-03-28,10,2022,159,-946,2023-03
22,23,19.0,29900.0,522.0965516528111,Female,West,28.0,Health,56.99873195387431,2021-09-17,2023-12-30,9,2021,834,-669,2023-12
24,25,61.0,84100.0,994.6199840611685,Female,North,42.0,Electronics,66.3714165451469,2022-07-16,2023-02-22,7,2022,221,-980,2023-02
25,26,47.0,78000.0,406.1177812684593,Female,East,19.0,Clothing,42.93839966655334,2021-12-06,2023-06-28,12,2021,569,-854,2023-06
26,27,55.0,48200.0,1311.1442625256682,Female,East,31.0,Clothing,84.87885877391554,2022-02-08,2023-08-02,2,2022,540,-819,2023-08
29,30,38.0,96300.0,1212.890264792841,Male,East,10.0,Clothing,70.07370993343022,2022-06-22,2022-09-29,6,2022,99,-1126,2022-09
31,32,29.0,67300.0,140.7941431506819,Male,West,23.0,Electronics,6.111357612834434,2021-01-10,2022-06-15,1,2021,521,-1232,2022-06
36,37,42.0,43900.0,320.51531150518207,Female,West,43.0,Clothing,92.90709148417106,2022-12-15,2023-12-04,12,2022,354,-695,2023-12
37,38,66.0,37700.0,1781.3617042943745,Male,North,20.0,Electronics,24.94512669524324,2021-12-10,2022-06-08,12,2021,180,-1239,2022-06
39,40,76.0,55200.0,1536.3414976851216,Male,West,22.0,Electronics,96.30407827356228,2022-01-08,2022-01-30,1,2022,22,-1368,2022-01
41,42,45.0,116800.0,22.66561649399613,Male,South,39.0,Toys,1.4086412162869988,2021-02-15,2023-08-12,2,2021,908,-809,2023-08
42,43,77.0,111100.0,768.6395241791525,Male,South,10.0,Toys,90.6107599861874,2022-12-30,2023-02-02,12,2022,34,-1000,2023-02
43,44,33.0,97400.0,303.92283262156724,Male,South,21.0,Clothing,22.664729883307032,2021-02-24,2022-03-19,2,2021,388,-1320,2022-03
44,45,32.0,71000.0,56.40456146016263,Female,West,29.0,Health,70.59325391660634,2021-03-19,2023-08-25,3,2021,889,-796,2023-08
50,51,61.0,98100.0,517.1386052570322,Male,South,23.0,Health,65.19126067329519,2021-04-21,2023-09-07,4,2021,869,-783,2023-09
51,52,72.0,81600.0,1307.841992671251,Male,North,31.0,Health,29.057922890466227,2021-01-15,2022-04-07,1,2021,447,-1301,2022-04
52,53,69.0,106300.0,440.4212690880447,Female,West,4.0,Toys,97.39502076577608,2021-03-19,2022-12-10,3,2021,631,-1054,2022-12
56,57,68.0,55000.0,1993.880252806924,Male,West,2.0,Clothing,30.615929246613128,2021-10-02,2022-07-05,10,2021,276,-1212,2022-07
57,58,24.0,105700.0,383.235754277454,Male,West,4.0,Electronics,14.85874276214022,2022-05-09,2023-07-25,5,2022,442,-827,2023-07
59,60,26.0,26000.0,834.5216513969269,Male,East,15.0,Health,96.4222278087278,2022-01-11,2023-09-05,1,2022,602,-785,2023-09
60,61,56.0,107600.0,270.24511636322086,Male,West,33.0,Clothing,41.143057638713,2021-03-04,2022-10-23,3,2021,598,-1102,2022-10
61,62,35.0,37200.0,75.13093700327852,Female,South,6.0,Electronics,34.73337657310635,2021-12-27,2023-06-22,12,2021,542,-860,2023-06
65,66,31.0,89600.0,975.7726766923304,Female,South,1.0,Electronics,84.96746181346077,2021-07-13,2023-02-09,7,2021,576,-993,2023-02
69,70,43.0,115500.0,995.346030339192,Female,North,26.0,Toys,96.63334338056436,2021-10-28,2023-02-07,10,2021,467,-995,2023-02
70,71,70.0,77900.0,1274.1552456794116,Male,West,44.0,Clothing,15.658137617896385,2022-07-22,2022-10-05,7,2022,75,-1120,2022-10
76,77,24.0,65000.0,68.87463130467754,Female,West,22.0,Clothing,5.626994421471054,2021-10-19,2021-10-19,10,2021,0,-1471,2021-10
77,78,61.0,42200.0,738.2521287903211,Male,West,30.0,Health,43.26715339176942,2021-12-01,2023-12-11,12,2021,740,-688,2023-12
79,80,25.0,58800.0,1682.844297362907,Male,South,20.0,Clothing,55.39720545861272,2021-07-03,2023-02-24,7,2021,601,-978,2023-02
81,82,52.0,75500.0,1604.4085684134866,Female,West,27.0,Electronics,32.68201322002092,2021-09-19,2022-05-07,9,2021,230,-1271,2022-05
82,83,31.0,69200.0,1728.7579112131093,Female,South,38.0,Health,16.1395917744793,2021-11-06,2023-09-12,11,2021,675,-778,2023-09
83,84,34.0,97500.0,318.3612242616509,Female,North,42.0,Health,1.311667577348441,2021-12-10,2022-07-27,12,2021,229,-1190,2022-07
84,85,53.0,113000.0,1706.1567522223536,Female,North,41.0,Clothing,82.13123443293455,2022-02-28,2023-05-09,2,2022,435,-904,2023-05
85,86,67.0,97900.0,1983.0780643287285,Female,South,34.0,Health,63.66545593457879,2022-10-19,2023-09-20,10,2022,336,-770,2023-09
86,87,57.0,22500.0,1459.1408854755102,Male,East,39.0,Health,22.93212412876884,2022-05-29,2023-08-19,5,2022,447,-802,2023-08
89,90,79.0,97000.0,1218.852876041372,Male,North,37.0,Health,53.87001860913857,2021-12-28,2023-08-28,12,2021,608,-793,2023-08
90,91,23.0,113500.0,629.6150363921738,Male,West,1.0,Clothing,30.01598764459783,2021-06-18,2023-12-08,6,2021,903,-691,2023-12
92,93,0.0,119000.0,1236.68183947303,Male,South,32.0,Electronics,21.76140244488256,2021-07-19,2021-08-21,7,2021,33,-1530,2021-08
94,95,71.0,81400.0,522.1983999177958,Female,North,33.0,Electronics,58.186035068466246,2021-11-08,2023-10-04,11,2021,695,-756,2023-10
100,101,27.0,70500.0,895.8857355427892,Female,West,5.0,Clothing,46.19983427939485,2021-01-28,2021-06-06,1,2021,129,-1606,2021-06
101,102,79.0,64000.0,104.09042032793565,Male,West,18.0,Electronics,3.50712794785325,2022-09-24,2022-10-18,9,2022,24,-1107,2022-10
102,103,53.0,76900.0,1375.5598646446333,Male,North,48.0,Toys,79.17178815635283,2021-05-13,2023-09-30,5,2021,870,-760,2023-09
103,104,31.0,48100.0,1807.3569106818047,Female,West,10.0,Clothing,88.37599988343821,2022-01-15,2023-03-09,1,2022,418,-965,2023-03
105,106,65.0,99800.0,272.19155742680454,Male,East,33.0,Health,26.799502456360933,2022-06-12,2023-04-15,6,2022,307,-928,2023-04
108,109,31.0,75600.0,1850.0234637141696,Male,East,5.0,Health,83.33356205052533,2022-10-11,2022-12-18,10,2022,68,-1046,2022-12
109,110,40.0,102600.0,932.1262630703084,Female,West,34.0,Toys,34.78278037861146,2021-08-15,2021-12-28,8,2021,135,-1401,2021-12
111,112,74.0,34600.0,650.1588419437372,Female,North,17.0,Electronics,27.42803762251319,2021-01-27,2022-04-17,1,2021,445,-1291,2022-04
114,115,38.0,78100.0,590.7381227913896,Male,West,17.0,Clothing,90.0854829977128,2021-03-30,2022-11-05,3,2021,585,-1089,2022-11
116,117,62.0,78800.0,1784.5761446659328,Female,South,38.0,Clothing,53.970551532663066,2021-05-02,2022-04-19,5,2021,352,-1289,2022-04
118,119,64.0,43400.0,658.9986139987441,Female,South,15.0,Clothing,34.86444783557177,2022-08-26,2022-11-20,8,2022,86,-1074,2022-11
119,120,70.0,114000.0,1117.6262288084108,Male,North,37.0,Health,58.37402252742222,2022-11-27,2023-06-17,11,2022,202,-865,2023-06
121,122,43.0,105500.0,202.35553331518776,Female,East,25.0,Toys,26.867504586489964,2022-06-09,2022-12-11,6,2022,185,-1053,2022-12
122,123,42.0,33100.0,1634.2471355593088,Female,West,21.0,Clothing,12.122686934022951,2021-01-24,2023-08-23,1,2021,941,-798,2023-08
123,124,77.0,84100.0,1790.9206895240443,Female,West,38.0,Clothing,55.88323175548175,2021-11-21,2023-05-21,11,2021,546,-892,2023-05
124,125,77.0,75800.0,1650.7407131804152,Male,North,2.0,Toys,17.650122251805566,2021-02-03,2022-10-11,2,2021,615,-1114,2022-10
125,126,77.0,44900.0,1799.6000216799484,Female,South,27.0,Toys,61.03617693219066,2021-09-04,2021-12-15,9,2021,102,-1414,2021-12
126,127,62.0,68700.0,1115.1617026955755,Female,West,49.0,Health,26.3521442483732,2021-01-19,2022-04-08,1,2021,444,-1300,2022-04
127,128,58.0,64700.0,1628.2710795608768,Female,East,32.0,Health,23.096300430062467,2021-01-30,2023-06-04,1,2021,855,-878,2023-06
128,129,46.0,111600.0,780.4044240143788,Female,North,21.0,Clothing,39.91807649888911,2021-02-18,2021-09-03,2,2021,197,-1517,2021-09
129,130,32.0,66500.0,1339.2103657284963,Female,North,4.0,Health,59.31917575579458,2021-06-29,2023-03-09,6,2021,618,-965,2023-03
130,131,62.0,40600.0,1977.8943521505455,Female,South,44.0,Health,54.5317672949313,2022-01-05,2023-05-20,1,2022,500,-893,2023-05
131,132,18.0,49800.0,466.9408932014723,Male,West,19.0,Clothing,24.47344772349805,2022-01-30,2023-12-27,1,2022,696,-672,2023-12
132,133,42.0,77900.0,792.0014976563396,Female,West,2.0,Toys,89.11166744533762,2022-08-13,2023-12-10,8,2022,484,-689,2023-12
133,134,24.0,23800.0,970.4938070739696,Male,North,26.0,Clothing,10.988196973520104,2022-05-11,2023-03-27,5,2022,320,-947,2023-03
134,135,26.0,47100.0,293.27066429970245,Male,East,34.0,Electronics,3.94675630743353,2022-03-07,2022-05-30,3,2022,84,-1248,2022-05
135,136,41.0,87300.0,180.45644872081243,Female,West,14.0,Clothing,60.27062694061976,2021-07-26,2021-08-14,7,2021,19,-1537,2021-08
136,137,18.0,87000.0,1662.8512753168163,Male,East,15.0,Electronics,12.340716806547649,2021-02-04,2022-08-01,2,2021,543,-1185,2022-08
140,141,28.0,104000.0,150.30728616734143,Male,North,19.0,Clothing,61.74565803977604,2021-11-06,2022-04-28,11,2021,173,-1280,2022-04
141,142,68.0,102000.0,1784.8100485933917,Male,East,9.0,Health,57.48052248722807,2021-10-06,2023-03-19,10,2021,529,-955,2023-03
144,145,52.0,26000.0,963.393317054011,Male,East,13.0,Electronics,34.25235073667625,2021-08-31,2023-11-09,8,2021,800,-720,2023-11
145,146,52.0,29500.0,650.2421074908477,Male,South,27.0,Clothing,95.30743222220627,2021-01-10,2021-12-11,1,2021,335,-1418,2021-12
146,147,50.0,76500.0,988.2908351090877,Male,West,44.0,Clothing,24.2320231370725,2022-01-27,2023-01-05,1,2022,343,-1028,2023-01
147,148,76.0,49900.0,1721.921665897515,Male,South,35.0,Clothing,47.15163713960514,2021-02-17,2022-07-23,2,2021,521,-1194,2022-07
150,151,56.0,85100.0,742.0479389439864,Male,East,46.0,Toys,96.45152392844231,2021-06-06,2021-12-04,6,2021,181,-1425,2021-12
151,152,75.0,42700.0,1482.241639450827,Female,East,9.0,Electronics,60.8330255146991,2021-01-26,2022-03-28,1,2021,426,-1311,2022-03
153,154,45.0,111400.0,256.7327555490717,Female,North,23.0,Health,82.66497754640591,2022-11-09,2022-12-18,11,2022,39,-1046,2022-12
154,155,24.0,69700.0,1153.8328491688576,Male,West,36.0,Toys,29.14562713733706,2021-09-21,2022-09-23,9,2021,367,-1132,2022-09
155,156,26.0,102400.0,528.3521226933208,Male,South,40.0,Toys,16.47728019118859,2022-06-13,2023-02-04,6,2022,236,-998,2023-02
158,159,51.0,41800.0,1989.4746470890443,Female,South,19.0,Health,87.89489025953954,2021-09-11,2022-10-22,9,2021,406,-1103,2022-10
162,163,40.0,54200.0,1539.6476845695968,Male,East,49.0,Toys,66.45134329822682,2021-11-22,2023-07-27,11,2021,612,-825,2023-07
164,165,41.0,100200.0,994.2678889771532,Female,East,7.0,Toys,98.19287243501763,2021-04-28,2023-04-02,4,2021,704,-941,2023-04
169,170,39.0,87700.0,1056.6558874691143,Male,North,15.0,Clothing,59.82018957938588,2022-01-09,2022-07-08,1,2022,180,-1209,2022-07
170,171,44.0,57900.0,578.879691417607,Female,West,3.0,Electronics,38.98947642129998,2022-08-01,2023-07-22,8,2022,355,-830,2023-07
174,175,54.0,30900.0,1310.763713813672,Female,North,8.0,Toys,69.30751129704869,2022-02-18,2022-04-12,2,2022,53,-1296,2022-04
175,176,64.0,55900.0,1668.1860231523003,Male,West,5.0,Toys,1.4328455452302102,2022-01-15,2022-10-15,1,2022,273,-1110,2022-10
176,177,31.0,46900.0,1951.436596061763,Female,West,4.0,Electronics,32.4647390003876,2021-01-01,2022-09-10,1,2021,617,-1145,2022-09
177,178,20.0,83500.0,958.8453066185332,Male,North,14.0,Clothing,31.904403135366262,2021-06-16,2023-02-19,6,2021,613,-983,2023-02
178,179,18.0,34000.0,152.05388518278872,Male,South,16.0,Toys,74.8835285896717,2021-01-16,2022-04-03,1,2021,442,-1305,2022-04
180,181,43.0,60400.0,605.4167777578059,Male,South,24.0,Clothing,63.3327132365083,2021-04-22,2022-10-25,4,2021,551,-1100,2022-10
181,182,72.0,109500.0,1866.4382869178528,Female,South,6.0,Electronics,68.85244021078648,2022-01-03,2023-08-19,1,2022,593,-802,2023-08
182,183,31.0,35400.0,1055.9618488423323,Female,East,31.0,Toys,65.84255441971152,2021-04-12,2021-06-29,4,2021,78,-1583,2021-06
184,185,44.0,109900.0,810.3502531318187,Male,West,35.0,Electronics,41.36168493493947,2022-02-10,2022-06-11,2,2022,121,-1236,2022-06
187,188,32.0,32100.0,324.76062937015195,Female,North,3.0,Clothing,6.370310248432631,2022-11-02,2023-02-02,11,2022,92,-1000,2023-02
188,189,43.0,43800.0,1954.5227195594484,Male,North,11.0,Toys,87.58198420515261,2021-02-09,2023-07-11,2,2021,882,-841,2023-07
189,190,59.0,102700.0,1098.6490094259218,Male,West,3.0,Health,82.53151430303431,2022-10-29,2023-11-11,10,2022,378,-718,2023-11
190,191,77.0,29600.0,288.662869228713,Male,East,28.0,Electronics,34.63847170371896,2022-07-02,2023-01-15,7,2022,197,-1018,2023-01
192,193,68.0,86600.0,167.78409353726903,Male,West,33.0,Health,93.22276981844632,2022-05-31,2022-09-29,5,2022,121,-1126,2022-09
193,194,49.0,43800.0,1817.3161576914752,Female,East,48.0,Health,27.163679741209663,2022-05-12,2023-10-21,5,2022,527,-739,2023-10
200,201,47.0,112200.0,1470.1291242631587,Male,South,12.0,Clothing,90.7639293309544,2021-11-15,2022-03-15,11,2021,120,-1324,2022-03
203,204,56.0,53900.0,1669.7446260614151,Male,West,24.0,Health,58.63840220928984,2021-01-14,2022-04-18,1,2021,459,-1290,2022-04
204,205,62.0,57900.0,619.9746638244194,Female,East,44.0,Health,63.29886141924184,2021-02-25,2023-10-04,2,2021,951,-756,2023-10
205,206,32.0,35400.0,1933.7640827731232,Female,South,32.0,Toys,80.37054240166172,2022-02-07,2022-09-25,2,2022,230,-1130,2022-09
206,207,60.0,79700.0,1263.676671862272,Female,West,16.0,Health,97.92330832972443,2021-12-08,2022-02-25,12,2021,79,-1342,2022-02
207,208,46.0,47800.0,1862.6721031768805,Male,East,32.0,Clothing,79.53253540081879,2021-07-18,2023-08-14,7,2021,757,-807,2023-08
212,213,76.0,36100.0,1584.2293862885665,Female,North,47.0,Clothing,77.04321954012339,2021-03-19,2022-09-30,3,2021,560,-1125,2022-09
213,214,68.0,68900.0,649.6054516538632,Male,South,12.0,Health,23.10964782433119,2021-04-22,2022-06-24,4,2021,428,-1223,2022-06
214,215,39.0,43300.0,1167.8677089457003,Male,North,21.0,Clothing,90.34436965409276,2022-06-19,2023-06-22,6,2022,368,-860,2023-06
215,216,45.0,115300.0,704.337487281275,Female,West,21.0,Health,9.728136834686218,2022-01-10,2022-02-25,1,2022,46,-1342,2022-02
216,217,19.0,26700.0,1635.223421177512,Male,East,43.0,Toys,25.361205569194656,2021-04-26,2022-04-29,4,2021,368,-1279,2022-04
217,218,59.0,113100.0,944.121625660542,Male,West,6.0,Clothing,66.30234383244017,2021-05-22,2023-10-26,5,2021,887,-734,2023-10
221,222,70.0,36100.0,1008.619833108364,Male,North,14.0,Electronics,38.79305376548721,2021-03-17,2023-02-13,3,2021,698,-989,2023-02
223,224,45.0,83700.0,245.9971392330716,Male,East,1.0,Health,16.26061322873835,2021-04-10,2022-03-01,4,2021,325,-1338,2022-03
225,226,61.0,48800.0,1747.8570429085898,Male,East,34.0,Electronics,22.269401172941883,2022-04-13,2022-11-26,4,2022,227,-1068,2022-11
228,229,47.0,75600.0,20.36932577791297,Female,North,42.0,Clothing,44.070644240973614,2021-05-05,2022-12-18,5,2021,592,-1046,2022-12
229,230,79.0,98300.0,1235.6793234213196,Female,West,6.0,Electronics,79.65909363976444,2022-06-03,2022-06-13,6,2022,10,-1234,2022-06
230,231,28.0,69900.0,1240.5277911963028,Female,West,6.0,Health,86.14449345657881,2021-01-23,2022-04-25,1,2021,457,-1283,2022-04
234,235,42.0,41900.0,841.6216634377673,Female,South,26.0,Health,65.01417346469641,2021-01-21,2021-11-13,1,2021,296,-1446,2021-11
237,238,50.0,64000.0,411.3256567704377,Male,South,32.0,Health,49.56643822969191,2022-05-17,2022-11-21,5,2022,188,-1073,2022-11
240,241,44.0,101600.0,1060.0116691875348,Male,South,6.0,Clothing,79.66836460730265,2022-07-07,2022-12-13,7,2022,159,-1051,2022-12
241,242,79.0,115000.0,240.19331972967308,Male,West,23.0,Health,19.20097765235945,2021-07-22,2022-07-17,7,2021,360,-1200,2022-07
242,243,74.0,25500.0,1738.975204746478,Female,West,28.0,Toys,28.75717488919284,2022-02-20,2022-03-15,2,2022,23,-1324,2022-03
243,244,69.0,48900.0,608.7758319907751,Female,West,49.0,Toys,98.28385480194385,2022-10-02,2023-11-11,10,2022,405,-718,2023-11
244,245,30.0,26300.0,341.8252151880415,Female,East,30.0,Toys,37.35485541413044,2021-05-22,2021-05-23,5,2021,1,-1620,2021-05
246,247,20.0,54000.0,95.41087518665218,Male,South,37.0,Health,44.68154684192543,2021-04-17,2021-12-19,4,2021,246,-1410,2021-12
247,248,56.0,119200.0,1247.537758450845,Female,East,32.0,Clothing,86.40959241006102,2022-06-13,2023-10-14,6,2022,488,-746,2023-10
249,250,25.0,70300.0,445.534732145704,Male,North,34.0,Toys,2.291005989115935,2022-07-30,2023-05-27,7,2022,301,-886,2023-05
250,251,44.0,104800.0,103.08886541839588,Male,West,41.0,Electronics,29.43898859392372,2022-11-19,2023-07-08,11,2022,231,-844,2023-07
253,254,54.0,95100.0,250.6261423532074,Male,South,31.0,Health,10.202989464149038,2022-10-30,2023-05-28,10,2022,210,-885,2023-05
255,256,68.0,53800.0,605.0264907609834,Male,East,41.0,Health,30.21767314126576,2021-02-22,2023-10-09,2,2021,959,-751,2023-10
256,257,59.0,41700.0,1069.3412752224128,Male,East,21.0,Electronics,88.93277820194403,2022-08-08,2023-03-25,8,2022,229,-949,2023-03
257,258,61.0,95600.0,1363.215933295966,Female,South,16.0,Clothing,76.51696096585133,2021-07-02,2021-09-26,7,2021,86,-1494,2021-09
260,261,76.0,65300.0,360.73034425620034,Male,North,44.0,Toys,1.149797239729777,2021-01-13,2021-05-13,1,2021,120,-1630,2021-05
261,262,71.0,54100.0,1759.9631145899707,Female,West,47.0,Electronics,62.11344506719488,2022-07-13,2023-07-17,7,2022,369,-835,2023-07
263,264,49.0,50500.0,1742.4769091374242,Female,North,48.0,Toys,31.475649286076912,2021-10-11,2022-11-16,10,2021,401,-1078,2022-11
266,267,69.0,104100.0,1056.8535637881291,Male,North,5.0,Toys,74.98392836454242,2021-01-08,2021-12-23,1,2021,349,-1406,2021-12
267,268,66.0,77500.0,651.8645098445159,Male,East,11.0,Electronics,17.741241725123626,2021-03-13,2021-07-23,3,2021,132,-1559,2021-07
268,269,79.0,34500.0,950.4324366265188,Female,East,15.0,Clothing,1.3455257741813775,2021-04-08,2022-04-16,4,2021,373,-1292,2022-04
269,270,66.0,23500.0,1014.9319361173254,Female,North,29.0,Electronics,41.7562619448016,2021-03-28,2022-04-09,3,2021,377,-1299,2022-04
270,271,75.0,115900.0,417.5265300182237,Male,East,45.0,Health,66.56648349426617,2021-04-11,2022-05-12,4,2021,396,-1266,2022-05
271,272,69.0,28400.0,643.7205373059285,Male,South,4.0,Health,50.65986961834594,2021-10-08,2022-12-03,10,2021,421,-1061,2022-12
272,273,29.0,54900.0,1586.9913060038116,Female,East,49.0,Electronics,89.0466257624391,2021-10-16,2023-04-17,10,2021,548,-926,2023-04
279,280,66.0,73100.0,1975.7440874163933,Female,South,3.0,Clothing,79.33097732158208,2021-04-06,2022-10-28,4,2021,570,-1097,2022-10
281,282,34.0,103900.0,800.3893726296037,Male,East,10.0,Electronics,3.329778356517199,2022-05-27,2023-12-17,5,2022,569,-682,2023-12
282,283,76.0,104600.0,1214.6017084998289,Male,North,40.0,Toys,35.864559840152474,2021-05-01,2022-08-23,5,2021,479,-1163,2022-08
285,286,19.0,103400.0,856.8589469021375,Male,North,14.0,Electronics,37.7818283844905,2021-02-21,2023-12-06,2,2021,1018,-693,2023-12
287,288,71.0,90600.0,40.77740945709,Male,East,21.0,Clothing,39.37204065321951,2021-11-14,2022-12-30,11,2021,411,-1034,2022-12
288,289,40.0,102000.0,1792.2292719254667,Male,North,48.0,Electronics,17.94946272426481,2022-11-06,2023-03-25,11,2022,139,-949,2023-03
289,290,54.0,114800.0,315.29883536068013,Male,East,15.0,Health,0.3446143776869692,2022-12-03,2022-12-09,12,2022,6,-1055,2022-12
291,292,50.0,28000.0,1243.50448849567,Female,South,1.0,Toys,37.84750507273715,2022-08-20,2023-02-04,8,2022,168,-998,2023-02
292,293,18.0,42500.0,696.8576252862223,Male,East,24.0,Electronics,94.5117528887336,2021-07-13,2022-08-08,7,2021,391,-1178,2022-08
294,295,79.0,22100.0,45.55631140236412,Male,South,10.0,Toys,38.22307080175047,2021-01-21,2023-05-20,1,2021,849,-893,2023-05
295,296,19.0,45300.0,468.8474911083489,Male,East,46.0,Clothing,2.515412982311316,2022-02-03,2023-12-18,2,2022,683,-681,2023-12
298,299,43.0,49400.0,1228.5474407302888,Female,West,31.0,Clothing,23.78206472764919,2022-04-11,2022-05-25,4,2022,44,-1253,2022-05
299,300,49.0,35100.0,67.73818294916032,Male,West,11.0,Electronics,42.89951106401645,2021-05-31,2022-03-06,5,2021,279,-1333,2022-03
301,302,49.0,25200.0,271.6505556325097,Female,West,9.0,Toys,45.68354303128908,2021-11-06,2023-07-29,11,2021,630,-823,2023-07
302,303,72.0,114900.0,394.7816189136987,Male,East,47.0,Clothing,13.33424636440954,2022-05-19,2023-11-16,5,2022,546,-713,2023-11
303,304,21.0,22900.0,929.4762527850748,Male,South,14.0,Health,52.33484944191521,2021-01-26,2022-08-12,1,2021,563,-1174,2022-08
305,306,28.0,63700.0,1812.9668990992243,Male,East,31.0,Clothing,55.33427748141682,2021-09-20,2022-01-07,9,2021,109,-1391,2022-01
307,308,76.0,33500.0,409.8379861158535,Male,West,36.0,Toys,35.37959854689051,2021-06-16,2023-11-26,6,2021,893,-703,2023-11
308,309,34.0,37100.0,893.4780934166521,Female,East,39.0,Toys,63.85727377056324,2021-06-03,2023-11-09,6,2021,889,-720,2023-11
313,314,51.0,87200.0,451.9851725946809,Female,South,19.0,Health,16.236922452639302,2021-07-03,2023-09-01,7,2021,790,-789,2023-09
315,316,39.0,82500.0,942.9102594638082,Female,South,48.0,Health,96.55517746451302,2021-07-13,2022-08-02,7,2021,385,-1184,2022-08
316,317,28.0,65700.0,901.865321436187,Male,North,30.0,Electronics,28.1535111173546,2021-01-02,2023-10-19,1,2021,1020,-741,2023-10
321,322,77.0,57500.0,841.9473802787477,Male,South,4.0,Clothing,0.9883287775461436,2022-04-28,2022-09-15,4,2022,140,-1140,2022-09
322,323,76.0,112600.0,48.375193616662486,Male,West,37.0,Toys,33.80895216303905,2022-07-15,2023-04-01,7,2022,260,-942,2023-04
323,324,23.0,29600.0,967.1042537077004,Female,North,8.0,Toys,30.26457121918089,2021-02-01,2023-04-20,2,2021,808,-923,2023-04
325,326,46.0,20200.0,1642.8269150702838,Male,North,28.0,Clothing,52.91235390207832,2021-01-15,2021-10-04,1,2021,262,-1486,2021-10
328,329,77.0,94000.0,581.060856404414,Female,North,36.0,Electronics,59.05098088106291,2021-01-17,2023-01-27,1,2021,740,-1006,2023-01
331,332,36.0,52600.0,760.1400555566648,Male,North,24.0,Clothing,29.36121650647497,2022-10-18,2022-12-23,10,2022,66,-1041,2022-12
332,333,43.0,113600.0,1258.1533202143814,Male,West,47.0,Toys,60.7908947606941,2022-03-12,2023-04-11,3,2022,395,-932,2023-04
340,341,50.0,79100.0,1905.7823058733543,Male,South,22.0,Electronics,94.96941809192126,2021-03-24,2022-12-18,3,2021,634,-1046,2022-12
345,346,18.0,70100.0,34.52161865563694,Female,East,6.0,Electronics,24.64342807936556,2021-11-21,2022-11-04,11,2021,348,-1090,2022-11
346,347,28.0,35900.0,71.10259786909984,Male,South,27.0,Clothing,6.395789681913955,2022-02-23,2023-10-10,2,2022,594,-750,2023-10
348,349,74.0,37100.0,1050.4898202472662,Female,West,29.0,Health,84.58996459615251,2021-01-27,2021-09-30,1,2021,246,-1490,2021-09
350,351,67.0,117800.0,419.646834020241,Female,North,16.0,Clothing,78.30674701590162,2022-06-29,2022-09-18,6,2022,81,-1137,2022-09
351,352,40.0,116900.0,531.0457797377275,Male,South,12.0,Electronics,83.63960072839957,2021-03-03,2022-10-26,3,2021,602,-1099,2022-10
352,353,48.0,34300.0,244.81047180604764,Male,North,20.0,Clothing,45.44035588198637,2022-10-19,2023-11-16,10,2022,393,-713,2023-11
353,354,47.0,28000.0,1836.7351591144145,Male,North,18.0,Clothing,59.095506594047365,2021-06-20,2022-11-11,6,2021,509,-1083,2022-11
355,356,52.0,86800.0,1648.231440684558,Female,East,23.0,Electronics,93.91958616345016,2021-04-27,2023-01-03,4,2021,616,-1030,2023-01
356,357,24.0,97500.0,1807.4723001697275,Female,North,45.0,Electronics,72.55056850917613,2021-01-04,2021-04-01,1,2021,87,-1672,2021-04
357,358,77.0,85500.0,1059.30197371716,Male,West,27.0,Clothing,92.5342810770113,2021-03-07,2022-04-21,3,2021,410,-1287,2022-04
359,360,43.0,97500.0,674.1751178579207,Female,South,17.0,Toys,31.023685183267048,2022-05-17,2022-06-18,5,2022,32,-1229,2022-06
360,361,65.0,22600.0,1186.644936408754,Female,West,48.0,Health,7.091347318006768,2021-08-17,2022-11-29,8,2021,469,-1065,2022-11
361,362,74.0,42700.0,919.4712256438486,Male,South,21.0,Electronics,49.99079566958077,2021-04-10,2023-05-30,4,2021,780,-883,2023-05
364,365,66.0,38800.0,1968.3823982726776,Male,West,3.0,Clothing,12.828210694933151,2022-10-26,2023-04-21,10,2022,177,-922,2023-04
366,367,18.0,54600.0,1518.381018688918,Male,East,26.0,Electronics,44.750027252365456,2021-08-11,2021-11-26,8,2021,107,-1433,2021-11
369,370,29.0,38400.0,137.02952533379596,Male,East,28.0,Electronics,81.99798080824368,2021-07-30,2021-12-07,7,2021,130,-1422,2021-12
376,377,58.0,26600.0,1351.3318293414347,Male,West,23.0,Toys,64.36327975500353,2022-01-27,2023-10-07,1,2022,618,-753,2023-10
379,380,65.0,27400.0,675.6700485450166,Male,South,10.0,Toys,14.972556414619032,2021-02-22,2021-08-13,2,2021,172,-1538,2021-08
380,381,33.0,49300.0,1536.6237182132545,Male,South,27.0,Electronics,78.26629268961081,2021-02-07,2023-02-20,2,2021,743,-982,2023-02
381,382,20.0,44300.0,839.0837843908155,Male,West,49.0,Health,58.8110053312958,2021-11-04,2023-06-13,11,2021,586,-869,2023-06
383,384,41.0,108600.0,1167.6458125117106,Male,South,39.0,Clothing,33.290084618688,2021-02-22,2021-08-11,2,2021,170,-1540,2021-08
386,387,50.0,39500.0,102.02761586238776,Female,East,3.0,Electronics,58.12620384192929,2022-03-28,2023-12-02,3,2022,614,-697,2023-12
387,388,41.0,22400.0,1936.2494205440005,Female,South,47.0,Clothing,52.45440656650363,2022-04-06,2023-08-17,4,2022,498,-804,2023-08
388,389,69.0,82100.0,1108.7310731615084,Male,West,37.0,Toys,81.64480420765715,2022-05-01,2022-08-27,5,2022,118,-1159,2022-08
396,397,79.0,66800.0,1183.640096209341,Male,West,5.0,Toys,57.825384533671865,2021-01-08,2021-12-05,1,2021,331,-1424,2021-12
398,399,65.0,64700.0,677.3332134367515,Male,South,28.0,Toys,48.4588083197618,2022-10-09,2023-03-31,10,2022,173,-943,2023-03
401,402,52.0,87200.0,1262.935921496726,Female,West,27.0,Clothing,72.45220023342928,2022-03-23,2023-04-17,3,2022,390,-926,2023-04
402,403,42.0,70700.0,1301.966722676181,Male,North,13.0,Toys,30.09865092617835,2021-09-20,2023-08-10,9,2021,689,-811,2023-08
405,406,63.0,68000.0,1380.845213913385,Female,West,21.0,Clothing,73.77655131092388,2021-09-16,2023-04-19,9,2021,580,-924,2023-04
406,407,35.0,33200.0,1923.999297951408,Female,South,27.0,Toys,15.002417944651391,2021-11-19,2023-11-23,11,2021,734,-706,2023-11
407,408,19.0,103500.0,1465.8818020285787,Female,South,46.0,Clothing,50.48020332073931,2022-06-14,2023-03-07,6,2022,266,-967,2023-03
408,409,71.0,34400.0,989.943543901134,Male,West,6.0,Clothing,21.2321484850715,2021-10-28,2023-08-17,10,2021,658,-804,2023-08
409,410,52.0,88700.0,1268.82054009402,Male,East,38.0,Clothing,7.46241214191029,2022-04-30,2023-03-26,4,2022,330,-948,2023-03
410,411,33.0,85700.0,1484.572137570954,Male,West,49.0,Electronics,61.74519819443163,2021-04-02,2021-12-08,4,2021,250,-1421,2021-12
413,414,53.0,98300.0,405.6515254207072,Female,West,41.0,Electronics,58.06458003599504,2021-12-01,2022-12-26,12,2021,390,-1038,2022-12
417,418,31.0,94100.0,756.7980261785634,Male,North,30.0,Toys,17.892851156083587,2021-03-24,2023-03-22,3,2021,728,-952,2023-03
420,421,37.0,50700.0,378.8266108784249,Female,North,25.0,Electronics,47.095685239103005,2021-06-27,2023-02-10,6,2021,593,-992,2023-02
421,422,73.0,90300.0,1915.2499877680843,Male,East,32.0,Electronics,80.08265764418772,2021-09-07,2022-01-24,9,2021,139,-1374,2022-01
422,423,25.0,68800.0,1782.4733458248895,Male,South,8.0,Toys,46.06989877460983,2022-07-21,2023-04-26,7,2022,279,-917,2023-04
425,426,34.0,79700.0,1358.007359932543,Female,North,8.0,Toys,54.481588745197065,2021-12-05,2023-01-27,12,2021,418,-1006,2023-01
428,429,29.0,83900.0,137.1706022898128,Female,West,44.0,Clothing,6.963631597506059,2021-05-19,2022-01-12,5,2021,238,-1386,2022-01
431,432,39.0,95000.0,1988.2816761982397,Female,West,36.0,Electronics,21.43398793429756,2022-09-15,2023-04-01,9,2022,198,-942,2023-04
433,434,39.0,29300.0,1465.7434375551395,Male,North,27.0,Electronics,45.94415118736514,2021-06-19,2023-02-13,6,2021,604,-989,2023-02
436,437,55.0,51000.0,272.5889456513144,Male,North,37.0,Health,58.17484179481938,2021-05-18,2021-08-23,5,2021,97,-1528,2021-08
437,438,55.0,25800.0,829.9885942970549,Male,West,48.0,Health,24.09520426369428,2021-01-28,2022-12-24,1,2021,695,-1040,2022-12
439,440,68.0,31000.0,619.6031801779095,Female,North,39.0,Clothing,12.270569933730702,2022-02-02,2023-04-11,2,2022,433,-932,2023-04
443,444,44.0,35000.0,1878.556330320877,Female,South,44.0,Health,40.69359120313467,2022-03-02,2022-09-14,3,2022,196,-1141,2022-09
446,447,47.0,47700.0,1318.6885599348311,Female,West,27.0,Clothing,55.31767061367565,2022-10-03,2023-04-12,10,2022,191,-931,2023-04
448,449,45.0,38500.0,643.7208042231807,Male,North,35.0,Toys,92.1147137591833,2021-09-24,2022-06-18,9,2021,267,-1229,2022-06
449,450,64.0,60000.0,464.712831348272,Female,East,15.0,Toys,88.41119539004178,2021-04-17,2022-12-03,4,2021,595,-1061,2022-12
450,451,50.0,49200.0,156.92406408263244,Male,West,28.0,Health,9.799474202971304,2022-07-14,2023-04-12,7,2022,272,-931,2023-04
451,452,22.0,101900.0,1658.4475084386331,Male,South,35.0,Toys,63.42974105203304,2021-05-18,2023-02-16,5,2021,639,-986,2023-02
452,453,77.0,42300.0,523.9902749848891,Female,East,7.0,Electronics,80.80989804935118,2022-09-07,2023-07-29,9,2022,325,-823,2023-07
453,454,78.0,33600.0,956.594456619181,Male,West,46.0,Toys,83.55746895770949,2021-02-16,2022-03-23,2,2021,400,-1316,2022-03
454,455,65.0,40400.0,105.76424104353764,Male,North,46.0,Electronics,57.79071425018961,2022-10-27,2022-11-11,10,2022,15,-1083,2022-11
456,457,21.0,111200.0,674.5107845664559,Female,East,32.0,Toys,97.3712901641735,2021-01-06,2022-03-01,1,2021,419,-1338,2022-03
457,458,52.0,43700.0,1494.5787211018358,Female,East,38.0,Toys,47.21967027581214,2022-06-07,2022-09-17,6,2022,102,-1138,2022-09
461,462,45.0,41300.0,278.3990280821308,Male,North,39.0,Clothing,24.2180718172753,2021-03-07,2023-01-02,3,2021,666,-1031,2023-01
462,463,47.0,84200.0,892.2675365485296,Female,South,20.0,Toys,32.73336257498298,2022-02-24,2022-03-30,2,2022,34,-1309,2022-03
463,464,46.0,68600.0,648.2648452925633,Female,East,18.0,Clothing,98.53576097747391,2021-12-05,2023-07-27,12,2021,599,-825,2023-07
465,466,70.0,108700.0,140.6388690070255,Female,West,22.0,Toys,52.6725016473789,2022-04-14,2023-09-11,4,2022,515,-779,2023-09
466,467,23.0,71600.0,1394.1544799293692,Male,West,22.0,Electronics,84.82942659752185,2021-11-27,2022-01-26,11,2021,60,-1372,2022-01
468,469,77.0,52700.0,651.7092471778349,Female,North,2.0,Health,32.44534216181676,2021-05-11,2022-07-27,5,2021,442,-1190,2022-07
470,471,54.0,115000.0,1817.8698769624489,Female,West,43.0,Toys,11.408631043909743,2022-12-20,2023-07-19,12,2022,211,-833,2023-07
474,475,63.0,69200.0,227.258421660356,Male,East,41.0,Clothing,72.56781334885183,2022-04-08,2022-12-28,4,2022,264,-1036,2022-12
475,476,70.0,71800.0,274.62104220189394,Female,North,9.0,Health,7.461324065735719,2021-12-16,2023-09-29,12,2021,652,-761,2023-09
476,477,48.0,53300.0,1156.2241839905528,Female,South,49.0,Health,40.28956110310057,2021-01-17,2021-10-30,1,2021,286,-1460,2021-10
478,479,77.0,96000.0,81.24314515926075,Female,West,41.0,Health,51.12067433256329,2021-12-29,2023-02-17,12,2021,415,-985,2023-02
481,482,78.0,26800.0,268.2431914830691,Male,West,4.0,Toys,10.43350528690824,2022-06-09,2023-11-30,6,2022,539,-699,2023-11
483,484,49.0,41100.0,1291.33128455775,Male,East,32.0,Toys,45.11460431137604,2022-02-24,2022-11-26,2,2022,275,-1068,2022-11
485,486,50.0,108000.0,999.1518277384076,Female,West,2.0,Clothing,73.79863822751616,2021-01-14,2022-07-06,1,2021,538,-1211,2022-07
486,487,20.0,87900.0,260.95670731881114,Female,East,40.0,Toys,91.9934731781395,2021-02-13,2023-09-04,2,2021,933,-786,2023-09
488,489,42.0,99100.0,645.8338140096629,Female,North,20.0,Clothing,39.55821119160967,2021-10-22,2023-06-03,10,2021,589,-879,2023-06
490,491,48.0,49200.0,1620.6218669619657,Female,West,42.0,Toys,73.26719700006686,2021-04-14,2021-09-16,4,2021,155,-1504,2021-09
492,493,75.0,97100.0,605.5801739381409,Male,South,8.0,Clothing,16.408328521615555,2021-03-03,2021-12-12,3,2021,284,-1417,2021-12
493,494,20.0,100300.0,526.3725290656348,Male,North,28.0,Electronics,22.136855949195358,2022-07-19,2023-04-27,7,2022,282,-916,2023-04
494,495,57.0,104800.0,668.293498292227,Female,North,46.0,Health,15.481124059682594,2022-02-16,2023-06-14,2,2022,483,-868,2023-06
495,496,63.0,57800.0,345.9486162082796,Female,East,21.0,Electronics,30.236903377593823,2022-09-22,2023-12-13,9,2022,447,-686,2023-12
498,499,49.0,85800.0,781.7705014847411,Female,East,8.0,Toys,52.42340378832885,2021-07-18,2022-10-27,7,2021,466,-1098,2022-10
499,500,64.0,20300.0,883.2704575297599,Male,East,31.0,Health,26.92099191143981,2021-02-05,2022-03-27,2,2021,415,-1312,2022-03
500,501,39.0,99500.0,1196.217941822286,Female,South,37.0,Clothing,82.91957791369154,2021-08-04,2021-12-17,8,2021,135,-1412,2021-12
503,504,44.0,26700.0,1666.450756948578,Male,North,42.0,Electronics,60.5240757572182,2022-07-21,2022-08-06,7,2022,16,-1180,2022-08
504,505,59.0,105200.0,371.10657538340007,Male,East,27.0,Health,9.671050197384258,2021-01-12,2021-09-02,1,2021,233,-1518,2021-09
505,506,19.0,109100.0,1451.6818393783444,Female,South,40.0,Toys,46.63122159459896,2021-03-24,2022-07-04,3,2021,467,-1213,2022-07
506,507,43.0,85100.0,1549.8885564937698,Male,South,41.0,Clothing,43.62072964823697,2021-02-01,2022-12-29,2,2021,696,-1035,2022-12
507,508,34.0,53400.0,1435.501077500801,Male,West,18.0,Clothing,85.25230068217637,2022-02-12,2022-10-01,2,2022,231,-1124,2022-10
508,509,57.0,37100.0,1166.3757401772075,Male,South,35.0,Clothing,62.53971931668133,2021-03-27,2022-08-07,3,2021,498,-1179,2022-08
510,511,26.0,110800.0,733.543474879078,Female,North,15.0,Toys,95.1807601789166,2022-12-14,2023-04-07,12,2022,114,-936,2023-04
512,513,71.0,60000.0,787.1535659266266,Female,South,17.0,Clothing,65.33947321528386,2021-09-13,2022-02-16,9,2021,156,-1351,2022-02
513,514,65.0,31300.0,1729.6901919273698,Male,South,40.0,Electronics,52.20014501520542,2021-08-29,2023-03-25,8,2021,573,-949,2023-03
516,517,59.0,22600.0,546.6754323234628,Male,South,31.0,Health,98.74566169600772,2022-03-28,2022-05-15,3,2022,48,-1263,2022-05
517,518,72.0,83000.0,678.9061205423751,Male,South,37.0,Electronics,70.50212594968588,2021-01-01,2023-09-09,1,2021,981,-781,2023-09
523,524,30.0,62900.0,1635.8365038398356,Male,East,17.0,Clothing,41.50454939539002,2022-11-11,2023-07-29,11,2022,260,-823,2023-07
524,525,77.0,72800.0,57.51189868122206,Male,East,14.0,Toys,21.484601163625385,2021-04-29,2022-05-04,4,2021,370,-1274,2022-05
526,527,24.0,21300.0,432.6311557642966,Male,West,46.0,Electronics,21.12547308105818,2021-03-21,2022-10-16,3,2021,574,-1109,2022-10
536,537,29.0,75500.0,844.2003057620566,Male,North,26.0,Health,57.18099946076837,2021-02-27,2023-06-27,2,2021,850,-855,2023-06
537,538,68.0,46900.0,726.0112253826218,Male,West,8.0,Clothing,69.73875615692154,2021-12-03,2022-02-06,12,2021,65,-1361,2022-02
538,539,40.0,112100.0,1825.217236287296,Female,South,34.0,Clothing,67.36986409905718,2022-05-25,2023-09-14,5,2022,477,-776,2023-09
540,541,45.0,108800.0,1034.1851212005622,Female,South,31.0,Clothing,77.9648205747967,2022-03-02,2023-08-10,3,2022,526,-811,2023-08
550,551,78.0,101900.0,320.7346212265279,Male,South,20.0,Health,22.83104256251781,2022-02-09,2023-03-05,2,2022,389,-969,2023-03
551,552,39.0,50100.0,670.5451367738809,Male,North,1.0,Toys,36.12617290703949,2022-05-07,2023-07-09,5,2022,428,-843,2023-07
554,555,39.0,46500.0,1931.1150843205555,Male,North,12.0,Toys,41.58902132121951,2021-03-24,2021-11-18,3,2021,239,-1441,2021-11
555,556,66.0,38900.0,867.8042009370023,Male,West,30.0,Electronics,78.88701098180803,2022-04-26,2022-11-22,4,2022,210,-1072,2022-11
561,562,60.0,20600.0,640.2676236296085,Female,North,4.0,Toys,16.719712946813637,2022-05-27,2022-09-17,5,2022,113,-1138,2022-09
562,563,77.0,32800.0,1279.4154722974067,Male,South,15.0,Health,47.648182878862,2021-06-22,2023-07-05,6,2021,743,-847,2023-07
564,565,50.0,89700.0,33.49310184225368,Female,South,8.0,Electronics,59.61929706974873,2022-11-02,2023-10-26,11,2022,358,-734,2023-10
569,570,61.0,115700.0,1594.2148748601396,Male,East,39.0,Clothing,89.15500494128707,2021-10-05,2023-07-11,10,2021,644,-841,2023-07
571,572,56.0,79100.0,1535.0837908336962,Female,West,8.0,Clothing,56.96301042699973,2021-03-24,2022-05-08,3,2021,410,-1270,2022-05
572,573,21.0,38100.0,303.4594884661621,Female,North,30.0,Clothing,50.13719345705198,2022-02-23,2022-05-10,2,2022,76,-1268,2022-05
574,575,62.0,92000.0,1290.305762036289,Male,East,18.0,Health,61.630764984669405,2022-08-06,2023-05-23,8,2022,290,-890,2023-05
575,576,49.0,33300.0,70.62820219767465,Female,North,4.0,Health,17.03047049434958,2022-07-03,2023-04-15,7,2022,286,-928,2023-04
576,577,69.0,49100.0,1580.1808645100446,Male,South,47.0,Toys,68.64108816231303,2022-01-27,2022-09-22,1,2022,238,-1133,2022-09
577,578,47.0,91000.0,1808.4312480883584,Female,East,43.0,Toys,45.23511023484256,2021-05-13,2023-07-28,5,2021,806,-824,2023-07
580,581,72.0,97000.0,183.16382428665744,Male,West,15.0,Electronics,76.45566325310304,2022-08-27,2023-03-18,8,2022,203,-956,2023-03
581,582,57.0,61900.0,1207.9363593569108,Female,East,35.0,Electronics,83.54279612678818,2021-08-30,2021-12-08,8,2021,100,-1421,2021-12
582,583,69.0,101600.0,981.5807933618688,Male,North,47.0,Health,61.942155393454655,2022-03-27,2023-09-28,3,2022,550,-762,2023-09
585,586,67.0,76000.0,1745.2041895487698,Male,West,14.0,Electronics,61.83533789785556,2021-04-27,2022-01-08,4,2021,256,-1390,2022-01
586,587,77.0,38100.0,1574.4656413347188,Male,East,48.0,Clothing,39.45716984632386,2021-08-07,2022-06-15,8,2021,312,-1232,2022-06
588,589,47.0,60800.0,1825.4008847984612,Male,West,49.0,Toys,46.82709302644926,2021-08-31,2022-01-02,8,2021,124,-1396,2022-01
592,593,36.0,78100.0,126.46917709072709,Female,West,38.0,Clothing,78.52158751252233,2022-01-23,2022-09-03,1,2022,223,-1152,2022-09
593,594,45.0,47600.0,1345.3268287966816,Female,East,10.0,Health,51.27134815929952,2022-08-11,2023-05-08,8,2022,270,-905,2023-05
594,595,75.0,108000.0,477.9342580655918,Female,North,42.0,Health,81.30659492556687,2021-07-28,2023-10-24,7,2021,818,-736,2023-10
595,596,72.0,21100.0,502.2708292119712,Female,East,37.0,Health,49.7257237271609,2021-11-10,2023-06-17,11,2021,584,-865,2023-06
596,597,43.0,57400.0,625.9733891329676,Male,East,26.0,Electronics,95.66343228639369,2022-09-09,2023-02-12,9,2022,156,-990,2023-02
597,598,54.0,94700.0,146.09583965498314,Male,South,28.0,Clothing,75.26717486147942,2021-01-26,2022-03-21,1,2021,419,-1318,2022-03
599,600,70.0,20200.0,30.1764626194094,Male,South,20.0,Toys,82.95844713634312,2021-05-08,2023-03-17,5,2021,678,-957,2023-03
601,602,40.0,96300.0,186.82564728758317,Male,West,14.0,Toys,98.44609579738652,2021-05-17,2021-12-24,5,2021,221,-1405,2021-12
603,604,29.0,48800.0,486.5332453594638,Female,East,35.0,Clothing,8.439074657019107,2022-07-02,2023-11-27,7,2022,513,-702,2023-11
604,605,70.0,75300.0,1888.2768051896508,Female,North,29.0,Clothing,39.49604276103488,2022-01-23,2023-07-06,1,2022,529,-846,2023-07
607,608,75.0,61900.0,1570.7666002202238,Female,South,44.0,Electronics,72.93455343297727,2022-02-25,2023-02-18,2,2022,358,-984,2023-02
609,610,64.0,95400.0,1973.3949659465327,Male,South,2.0,Clothing,65.3432687502629,2021-03-29,2023-11-21,3,2021,967,-708,2023-11
610,611,51.0,118800.0,1203.723173954456,Male,South,17.0,Clothing,57.69109078983793,2021-05-21,2022-02-25,5,2021,280,-1342,2022-02
611,612,49.0,108000.0,182.29215459445115,Female,South,10.0,Clothing,12.605260895240688,2021-02-20,2021-03-02,2,2021,10,-1702,2021-03
612,613,79.0,83300.0,1300.7377132742342,Female,North,18.0,Toys,23.48586929986005,2022-07-21,2022-08-02,7,2022,12,-1184,2022-08
613,614,71.0,75100.0,1257.4599017845496,Male,North,22.0,Electronics,34.11223127143144,2022-02-09,2022-08-02,2,2022,174,-1184,2022-08
620,621,33.0,75300.0,405.1793656735985,Female,South,31.0,Clothing,20.622813743015545,2021-02-14,2023-06-13,2,2021,849,-869,2023-06
621,622,78.0,102400.0,1644.693235726323,Male,North,31.0,Electronics,47.5397371863883,2021-09-26,2021-11-27,9,2021,62,-1432,2021-11
622,623,56.0,44000.0,1359.756376943298,Female,South,2.0,Electronics,51.42419679223724,2021-11-07,2022-02-16,11,2021,101,-1351,2022-02
623,624,22.0,73800.0,1279.3737378314706,Male,East,19.0,Clothing,20.828135862508,2022-11-03,2023-07-23,11,2022,262,-829,2023-07
624,625,39.0,118700.0,815.5504075166605,Male,West,12.0,Health,60.85703378636506,2021-10-05,2022-10-26,10,2021,386,-1099,2022-10
625,626,46.0,71000.0,1164.0993835926429,Female,West,10.0,Health,72.29999595937491,2022-04-20,2023-12-25,4,2022,614,-674,2023-12
626,627,72.0,49600.0,629.5907680432475,Female,North,31.0,Toys,37.38400859654519,2022-07-21,2022-08-26,7,2022,36,-1160,2022-08
628,629,29.0,30500.0,1590.2647961738987,Male,West,22.0,Health,50.23019051644463,2021-08-23,2022-10-31,8,2021,434,-1094,2022-10
630,631,33.0,106700.0,1866.328068707808,Female,South,23.0,Toys,73.00109887745778,2022-12-21,2023-12-04,12,2022,348,-695,2023-12
631,632,68.0,93000.0,1869.0545668355728,Male,South,15.0,Clothing,80.14530278240474,2021-05-16,2022-01-15,5,2021,244,-1383,2022-01
634,635,74.0,78900.0,1417.1580848105834,Female,South,23.0,Toys,92.67924944093012,2022-01-29,2023-11-03,1,2022,643,-726,2023-11
638,639,22.0,22600.0,295.70875229633685,Female,West,39.0,Clothing,69.20750919082099,2021-07-02,2023-05-24,7,2021,691,-889,2023-05
640,641,66.0,22700.0,626.4759738373243,Female,North,18.0,Electronics,35.65754992828726,2022-03-16,2023-11-27,3,2022,621,-702,2023-11
641,642,47.0,106600.0,665.6935479748954,Female,East,41.0,Toys,23.26244460093747,2021-03-04,2023-05-25,3,2021,812,-888,2023-05
644,645,69.0,66800.0,1727.743084655139,Female,North,36.0,Clothing,18.32933635594216,2022-10-08,2023-03-27,10,2022,170,-947,2023-03
647,648,33.0,42100.0,1266.6641229784134,Male,South,5.0,Clothing,79.95125039620918,2022-04-22,2022-07-06,4,2022,75,-1211,2022-07
648,649,43.0,28800.0,1729.6995245708483,Male,North,39.0,Clothing,50.55411497732909,2021-03-28,2021-05-14,3,2021,47,-1629,2021-05
649,650,43.0,28500.0,281.9301363490557,Male,East,9.0,Clothing,37.73277743022193,2021-07-29,2022-04-09,7,2021,254,-1299,2022-04
650,651,65.0,43400.0,1955.6281214831856,Male,West,7.0,Electronics,69.67410002096508,2022-04-07,2023-05-14,4,2022,402,-899,2023-05
651,652,38.0,81800.0,1173.604719159924,Male,West,41.0,Electronics,90.06272945948973,2021-03-22,2022-04-01,3,2021,375,-1307,2022-04
652,653,56.0,89800.0,1991.0388216466924,Female,South,20.0,Electronics,32.02517303701811,2021-11-18,2023-12-21,11,2021,763,-678,2023-12
653,654,53.0,54600.0,1824.7991572143849,Female,South,10.0,Health,46.074813499437184,2022-02-19,2023-10-26,2,2022,614,-734,2023-10
655,656,79.0,38400.0,131.20077960855994,Male,South,4.0,Electronics,18.34094636173508,2021-08-21,2022-04-05,8,2021,227,-1303,2022-04
658,659,40.0,35300.0,359.7608067890762,Male,South,14.0,Electronics,79.33181713344499,2022-03-19,2022-11-11,3,2022,237,-1083,2022-11
659,660,75.0,104900.0,351.57029414561725,Female,South,41.0,Clothing,42.92170518402645,2021-06-17,2023-08-19,6,2021,793,-802,2023-08
660,661,27.0,41800.0,935.9352232682032,Male,East,1.0,Toys,99.50487234077158,2021-08-19,2022-08-22,8,2021,368,-1164,2022-08
661,662,71.0,44300.0,85.87058291532968,Female,South,17.0,Electronics,19.73414181912893,2021-05-30,2022-08-19,5,2021,446,-1167,2022-08
666,667,48.0,48400.0,958.5324065779212,Female,East,9.0,Health,0.3124349647371627,2021-10-02,2022-09-10,10,2021,343,-1145,2022-09
667,668,27.0,92800.0,913.5078958647664,Male,North,43.0,Clothing,87.4771362503336,2022-09-09,2023-02-04,9,2022,148,-998,2023-02
671,672,49.0,99300.0,833.2043058754991,Male,South,3.0,Clothing,37.27527200671731,2021-05-30,2022-02-11,5,2021,257,-1356,2022-02
672,673,18.0,114900.0,1638.8942890428823,Female,South,15.0,Clothing,74.49262251954836,2021-05-22,2023-12-11,5,2021,933,-688,2023-12
674,675,22.0,72200.0,1709.4200890102927,Female,West,10.0,Health,15.382657672355249,2021-03-06,2022-04-25,3,2021,415,-1283,2022-04
677,678,33.0,70100.0,568.2025395941843,Female,South,6.0,Electronics,15.10131174271062,2022-12-07,2023-03-21,12,2022,104,-953,2023-03
678,679,41.0,54300.0,111.20486609031532,Male,West,2.0,Clothing,72.60807566781885,2022-03-06,2023-06-12,3,2022,463,-870,2023-06
679,680,33.0,99700.0,1863.0316684804257,Female,South,29.0,Health,47.80183066595389,2021-06-10,2023-06-20,6,2021,740,-862,2023-06
680,681,72.0,71900.0,1328.3810887880024,Female,West,40.0,Health,74.86016595521598,2021-11-02,2023-07-08,11,2021,613,-844,2023-07
682,683,66.0,63500.0,636.9120443728133,Male,North,4.0,Clothing,43.916719055432594,2021-10-05,2022-01-20,10,2021,107,-1378,2022-01
683,684,45.0,69500.0,1694.3939741091378,Male,South,4.0,Toys,35.39108246830671,2021-10-23,2022-09-18,10,2021,330,-1137,2022-09
685,686,44.0,79800.0,23.25463908265037,Female,West,37.0,Clothing,32.314120625982646,2021-06-18,2022-10-05,6,2021,474,-1120,2022-10
688,689,29.0,84400.0,967.8356187717346,Male,South,23.0,Clothing,57.766917023316886,2021-01-07,2023-04-22,1,2021,835,-921,2023-04
691,692,77.0,31300.0,1116.5704124547767,Female,North,49.0,Clothing,71.04198012406638,2021-05-12,2023-01-08,5,2021,606,-1025,2023-01
693,694,50.0,112500.0,577.1581047008827,Male,South,1.0,Health,97.05422561557596,2021-12-13,2023-07-21,12,2021,585,-831,2023-07
696,697,60.0,52800.0,1471.0611909170254,Male,North,48.0,Electronics,10.393532297230225,2021-09-10,2023-09-25,9,2021,745,-765,2023-09
699,700,20.0,34900.0,479.0457575951584,Female,West,27.0,Toys,40.031089923111296,2021-12-21,2022-12-22,12,2021,366,-1042,2022-12
701,702,50.0,109800.0,629.2515705118908,Female,North,5.0,Clothing,70.35850589987712,2022-07-18,2022-11-09,7,2022,114,-1085,2022-11
702,703,57.0,74900.0,499.5058076879917,Female,West,34.0,Toys,17.873123659522705,2022-01-03,2023-07-04,1,2022,547,-848,2023-07
706,707,46.0,43600.0,484.3089657947056,Male,West,24.0,Toys,16.275288621416383,2022-06-12,2023-06-29,6,2022,382,-853,2023-06
708,709,29.0,94900.0,1837.324948525235,Female,South,3.0,Toys,85.75465899368449,2022-02-06,2023-12-24,2,2022,686,-675,2023-12
709,710,48.0,117200.0,233.8973358333269,Female,South,45.0,Electronics,51.41705467076019,2021-06-24,2021-08-01,6,2021,38,-1550,2021-08
710,711,63.0,71700.0,480.6205440058144,Female,East,7.0,Electronics,68.34966170980852,2021-03-19,2021-04-29,3,2021,41,-1644,2021-04
711,712,19.0,29900.0,1505.5163722928846,Female,North,25.0,Electronics,7.524801767793288,2022-03-16,2023-05-06,3,2022,416,-907,2023-05
712,713,78.0,79700.0,563.5232135440149,Female,North,3.0,Electronics,44.9005579247043,2022-07-03,2023-01-31,7,2022,212,-1002,2023-01
713,714,68.0,74400.0,1256.834669081759,Female,North,15.0,Clothing,9.489316743585196,2021-08-20,2022-11-10,8,2021,447,-1084,2022-11
715,716,52.0,85100.0,915.3609086250068,Male,South,29.0,Electronics,28.105437117381847,2021-08-01,2021-10-07,8,2021,67,-1483,2021-10
719,720,25.0,116000.0,1757.3552106742743,Female,South,39.0,Toys,50.66771771070974,2021-09-24,2021-11-10,9,2021,47,-1449,2021-11
720,721,46.0,69900.0,1550.9033324923414,Female,East,9.0,Toys,58.46601031717614,2021-05-06,2023-02-09,5,2021,644,-993,2023-02
723,724,43.0,78700.0,1079.2340133506991,Male,North,14.0,Clothing,48.88757607534946,2022-06-28,2023-11-27,6,2022,517,-702,2023-11
726,727,68.0,27900.0,655.0345584307161,Male,North,28.0,Clothing,34.222644530486654,2021-09-18,2021-12-12,9,2021,85,-1417,2021-12
729,730,21.0,87600.0,1569.3502858729812,Female,East,34.0,Electronics,94.50219175352387,2021-12-12,2022-07-30,12,2021,230,-1187,2022-07
730,731,75.0,27400.0,1775.2750027509671,Male,East,13.0,Health,51.78696191811312,2021-04-04,2022-02-20,4,2021,322,-1347,2022-02
732,733,67.0,116200.0,1728.5863391517582,Female,South,33.0,Clothing,75.70320544610331,2021-04-10,2021-09-24,4,2021,167,-1496,2021-09
733,734,62.0,66500.0,548.8085147635381,Female,North,39.0,Electronics,51.83307870098315,2022-04-06,2023-09-24,4,2022,536,-766,2023-09
734,735,28.0,111200.0,1078.628627689537,Female,North,28.0,Health,64.75547776534225,2021-11-11,2023-01-14,11,2021,429,-1019,2023-01
737,738,53.0,69900.0,1909.00368485461,Female,South,9.0,Electronics,50.72857552906347,2021-12-19,2022-07-14,12,2021,207,-1203,2022-07
739,740,38.0,109400.0,56.18463805254234,Female,North,31.0,Electronics,40.998131935628265,2021-07-18,2021-09-04,7,2021,48,-1516,2021-09
742,743,53.0,119800.0,1983.9406079760336,Female,West,13.0,Toys,68.48530033282076,2021-03-20,2022-07-30,3,2021,497,-1187,2022-07
746,747,41.0,84100.0,386.1421889849458,Male,East,48.0,Health,12.161898636324295,2022-06-25,2022-12-27,6,2022,185,-1037,2022-12
750,751,65.0,102400.0,739.280136869821,Male,North,41.0,Health,28.165011129518536,2022-07-13,2023-07-13,7,2022,365,-839,2023-07
753,754,66.0,110000.0,1619.5739784542827,Male,East,42.0,Clothing,87.120103629169,2022-06-08,2023-09-10,6,2022,459,-780,2023-09
756,757,41.0,98100.0,1683.1955659966,Male,West,7.0,Toys,9.358913207242258,2021-02-04,2023-11-19,2,2021,1018,-710,2023-11
759,760,49.0,37900.0,1987.6922712487808,Female,East,13.0,Health,74.08125915100231,2022-07-31,2023-06-29,7,2022,333,-853,2023-06
760,761,54.0,63400.0,642.9652396916936,Male,West,17.0,Electronics,2.471437938848331,2021-05-27,2022-06-14,5,2021,383,-1233,2022-06
762,763,66.0,119100.0,1691.7434310217172,Male,West,36.0,Health,7.080351371292171,2021-07-12,2021-12-09,7,2021,150,-1420,2021-12
763,764,72.0,107500.0,1833.299015034331,Male,East,28.0,Health,37.64901953446271,2021-01-13,2022-08-02,1,2021,566,-1184,2022-08
764,765,30.0,50800.0,1441.5067280614016,Male,West,15.0,Toys,8.108962832858413,2022-06-14,2023-03-01,6,2022,260,-973,2023-03
765,766,40.0,28800.0,581.5436883659298,Female,North,46.0,Electronics,76.89678431033738,2021-09-03,2023-04-25,9,2021,599,-918,2023-04
767,768,52.0,66600.0,61.10090360544913,Female,East,31.0,Clothing,88.47569102624576,2021-04-24,2023-06-09,4,2021,776,-873,2023-06
774,775,65.0,62100.0,1481.00322203411,Female,North,45.0,Health,42.13570877456068,2022-05-26,2023-07-02,5,2022,402,-850,2023-07
775,776,42.0,106000.0,295.2243662941738,Male,East,20.0,Clothing,89.24325383271642,2022-04-29,2023-05-26,4,2022,392,-887,2023-05
776,777,39.0,60200.0,891.3407286316669,Male,South,29.0,Toys,11.798720832439525,2021-10-08,2023-05-08,10,2021,577,-905,2023-05
780,781,66.0,26800.0,1676.1134275115662,Male,West,48.0,Toys,38.66645568020039,2022-01-27,2023-08-17,1,2022,567,-804,2023-08
781,782,53.0,106800.0,1014.8819865302758,Male,South,43.0,Clothing,88.0215624485568,2022-06-07,2023-04-03,6,2022,300,-940,2023-04
783,784,78.0,24400.0,1609.9029765920257,Male,West,41.0,Electronics,39.27998571004826,2021-08-04,2022-06-16,8,2021,316,-1231,2022-06
788,789,24.0,95900.0,1905.9832435755047,Male,South,14.0,Electronics,55.73119719840234,2022-05-15,2023-11-22,5,2022,556,-707,2023-11
791,792,48.0,115100.0,1192.5983706762522,Female,South,1.0,Clothing,56.68143258686786,2021-10-18,2022-09-05,10,2021,322,-1150,2022-09
792,793,69.0,115700.0,1407.8520227356385,Female,South,49.0,Clothing,80.71637664216806,2021-02-08,2021-09-12,2,2021,216,-1508,2021-09
793,794,36.0,93900.0,404.6616705835668,Male,North,43.0,Electronics,56.08936438039106,2021-01-24,2023-08-31,1,2021,949,-790,2023-08
794,795,75.0,25500.0,905.4580437885472,Male,East,15.0,Toys,93.619154111521,2021-02-12,2023-12-16,2,2021,1037,-683,2023-12
795,796,64.0,103400.0,1663.0461041402243,Male,West,36.0,Health,81.03325075758356,2021-06-19,2022-10-11,6,2021,479,-1114,2022-10
797,798,70.0,83400.0,834.1840530794711,Male,North,22.0,Clothing,38.89584856279373,2021-06-18,2021-07-11,6,2021,23,-1571,2021-07
798,799,22.0,116100.0,1333.457817349069,Female,North,32.0,Health,66.84854273067788,2022-06-22,2023-09-30,6,2022,465,-760,2023-09
800,801,29.0,26800.0,814.9652689184551,Female,North,33.0,Health,98.77158687446708,2022-04-17,2022-09-27,4,2022,163,-1128,2022-09
802,803,69.0,74300.0,456.6073985305631,Male,North,39.0,Clothing,57.37693055793639,2022-10-07,2023-08-06,10,2022,303,-815,2023-08
804,805,38.0,37800.0,1902.6209466345344,Male,North,43.0,Clothing,27.323641946394773,2022-11-07,2023-11-04,11,2022,362,-725,2023-11
805,806,53.0,78600.0,435.5973065807368,Male,West,2.0,Electronics,28.360302725963276,2021-04-11,2023-11-27,4,2021,960,-702,2023-11
809,810,74.0,116100.0,1405.2011353865855,Female,South,46.0,Electronics,34.133460083121825,2022-04-20,2023-02-04,4,2022,290,-998,2023-02
812,813,70.0,37100.0,1417.7933484284142,Female,West,7.0,Toys,62.31732430313927,2021-03-01,2022-07-25,3,2021,511,-1192,2022-07
813,814,59.0,32700.0,1017.303446469913,Male,South,36.0,Electronics,34.75918822297629,2021-01-29,2021-05-29,1,2021,120,-1614,2021-05
815,816,56.0,25500.0,1026.1206029570849,Male,South,37.0,Electronics,58.44489043115127,2021-03-14,2022-10-06,3,2021,571,-1119,2022-10
817,818,48.0,112600.0,965.9294102710812,Female,West,36.0,Toys,61.92602137877215,2022-01-29,2023-02-13,1,2022,380,-989,2023-02
818,819,75.0,108300.0,966.7546686405714,Female,East,23.0,Electronics,84.7058190871695,2022-04-26,2022-06-12,4,2022,47,-1235,2022-06
823,824,60.0,53700.0,1071.5968027483043,Female,North,34.0,Clothing,97.81531220840392,2021-03-28,2023-06-27,3,2021,821,-855,2023-06
824,825,28.0,79200.0,1496.5209790854788,Female,North,1.0,Electronics,26.31502596023292,2021-12-25,2022-08-06,12,2021,224,-1180,2022-08
826,827,64.0,64700.0,1399.1915762452113,Male,West,40.0,Health,87.73650457130682,2021-07-16,2022-04-01,7,2021,259,-1307,2022-04
827,828,29.0,69400.0,1849.6645179144523,Male,East,43.0,Clothing,8.006366266022624,2022-01-20,2022-10-05,1,2022,258,-1120,2022-10
828,829,26.0,88700.0,1644.2416945314578,Male,East,15.0,Health,82.06880020942519,2021-04-28,2022-07-15,4,2021,443,-1202,2022-07
829,830,27.0,42100.0,1132.4903038228465,Female,North,48.0,Health,57.100836897467,2022-05-13,2022-06-17,5,2022,35,-1230,2022-06
832,833,34.0,100700.0,1245.9527276012557,Female,North,44.0,Clothing,3.919683545574304,2022-08-17,2022-11-30,8,2022,105,-1064,2022-11
835,836,24.0,41400.0,1112.8339948997236,Male,North,6.0,Electronics,7.120009847449815,2022-02-21,2023-01-24,2,2022,337,-1009,2023-01
836,837,63.0,103300.0,498.8396269223992,Female,West,8.0,Clothing,88.72043142578919,2022-04-12,2023-11-06,4,2022,573,-723,2023-11
839,840,59.0,72800.0,1322.375458879748,Female,West,32.0,Electronics,62.04679732142539,2021-06-02,2021-06-22,6,2021,20,-1590,2021-06
840,841,26.0,81500.0,1137.5028530711995,Female,South,42.0,Toys,79.46795684312156,2021-09-29,2023-07-25,9,2021,664,-827,2023-07
841,842,67.0,64200.0,1867.2541185458904,Male,North,4.0,Electronics,88.95906413668648,2022-01-27,2022-12-08,1,2022,315,-1056,2022-12
842,843,44.0,81100.0,1181.2933264541484,Male,East,44.0,Clothing,46.83069268391464,2022-07-01,2023-09-03,7,2022,429,-787,2023-09
843,844,75.0,28300.0,1061.6433864664575,Male,East,39.0,Health,89.74998774012042,2022-12-26,2023-02-22,12,2022,58,-980,2023-02
845,846,22.0,98300.0,1431.077925593358,Female,North,24.0,Health,68.8228042177691,2022-03-06,2022-10-25,3,2022,233,-1100,2022-10
847,848,54.0,75300.0,953.19038365676,Female,North,26.0,Clothing,23.595178919452675,2021-07-08,2023-01-30,7,2021,571,-1003,2023-01
849,850,36.0,88900.0,768.8845401818227,Male,South,36.0,Electronics,34.20188249778702,2022-01-30,2022-12-18,1,2022,322,-1046,2022-12
851,852,65.0,84100.0,837.9526474997456,Male,North,10.0,Health,28.416280570487416,2021-08-07,2022-11-08,8,2021,458,-1086,2022-11
853,854,18.0,119300.0,836.4856448038685,Male,West,12.0,Health,47.75240359212872,2021-07-09,2021-08-01,7,2021,23,-1550,2021-08
854,855,39.0,23400.0,163.10835619488967,Male,South,1.0,Clothing,37.504129449490186,2021-08-22,2023-02-05,8,2021,532,-997,2023-02
856,857,34.0,57400.0,1710.2360069034016,Male,West,16.0,Electronics,19.45299749000532,2021-08-20,2022-03-11,8,2021,203,-1328,2022-03
861,862,53.0,86300.0,1100.0708741797746,Female,South,26.0,Electronics,44.32811764267336,2021-08-25,2022-01-12,8,2021,140,-1386,2022-01
862,863,23.0,23800.0,429.97302509840506,Female,East,49.0,Health,94.79609167513946,2021-02-02,2021-08-13,2,2021,192,-1538,2021-08
863,864,77.0,42200.0,1097.0667603442355,Male,East,39.0,Health,13.465892662418522,2021-08-01,2023-11-07,8,2021,828,-722,2023-11
865,866,36.0,43400.0,1700.8692615626242,Male,North,9.0,Electronics,61.76380505435449,2022-01-14,2022-04-18,1,2022,94,-1290,2022-04
871,872,27.0,45000.0,1149.4107929792103,Female,North,37.0,Clothing,87.75817725333674,2021-10-06,2022-12-20,10,2021,440,-1044,2022-12
873,874,36.0,118000.0,1435.0974369667538,Female,South,8.0,Electronics,52.42366565631603,2021-10-12,2022-08-13,10,2021,305,-1173,2022-08
876,877,20.0,119300.0,579.0884797044594,Male,West,21.0,Clothing,48.05782526886784,2021-10-01,2023-08-17,10,2021,685,-804,2023-08
877,878,62.0,99000.0,180.2883975090625,Male,South,41.0,Toys,62.07082263350591,2021-01-11,2021-04-29,1,2021,108,-1644,2021-04
878,879,30.0,115400.0,1755.6953774914657,Female,East,19.0,Toys,7.922653788091982,2021-02-16,2023-04-16,2,2021,789,-927,2023-04
879,880,67.0,36800.0,1463.1622128869155,Female,East,29.0,Electronics,49.73513231268498,2022-05-30,2023-04-22,5,2022,327,-921,2023-04
880,881,45.0,64500.0,616.8968577284254,Male,North,31.0,Clothing,69.81576440198451,2022-10-04,2023-05-17,10,2022,225,-896,2023-05
881,882,79.0,44400.0,1206.7585258865329,Male,South,6.0,Toys,58.407190993377,2022-03-14,2023-08-03,3,2022,507,-818,2023-08
884,885,45.0,81400.0,247.5145598565824,Male,East,29.0,Health,30.967020009015958,2022-03-03,2022-07-20,3,2022,139,-1197,2022-07
887,888,58.0,106200.0,1174.5930904366812,Male,North,1.0,Toys,62.172661530888185,2021-01-22,2022-01-03,1,2021,346,-1395,2022-01
891,892,30.0,94700.0,1008.413914745837,Female,North,21.0,Toys,10.812260729606148,2021-08-08,2023-03-27,8,2021,596,-947,2023-03
895,896,77.0,84200.0,985.0211945106448,Female,West,17.0,Clothing,82.5855420859452,2022-08-25,2023-06-20,8,2022,299,-862,2023-06
897,898,42.0,37200.0,538.2671782662752,Female,West,39.0,Electronics,34.66437466405288,2021-10-25,2022-12-24,10,2021,425,-1040,2022-12
898,899,73.0,39600.0,1255.996659255086,Female,East,3.0,Health,31.885377061487585,2022-05-19,2023-12-21,5,2022,581,-678,2023-12
900,901,55.0,82100.0,396.8672106881941,Female,North,35.0,Clothing,19.673286642818034,2021-12-23,2023-08-09,12,2021,594,-812,2023-08
904,905,61.0,53200.0,873.0993852568961,Male,East,28.0,Electronics,81.09308556284091,2022-12-10,2023-08-01,12,2022,234,-820,2023-08
906,907,49.0,113600.0,1455.720096667966,Female,West,26.0,Electronics,17.346199811481288,2021-02-03,2021-02-22,2,2021,19,-1710,2021-02
907,908,62.0,92000.0,1596.6753135619615,Male,West,7.0,Health,20.919416762862053,2021-09-05,2022-10-13,9,2021,403,-1112,2022-10
908,909,78.0,42800.0,1669.216036790949,Female,West,39.0,Health,61.9183778517851,2021-02-11,2021-09-28,2,2021,229,-1492,2021-09
910,911,38.0,48700.0,1586.7428991434333,Male,East,5.0,Health,87.72802313513668,2021-01-27,2022-01-31,1,2021,369,-1367,2022-01
914,915,28.0,68500.0,101.31498212500271,Male,West,36.0,Health,84.56431203863204,2022-05-11,2023-07-12,5,2022,427,-840,2023-07
917,918,53.0,51800.0,59.64599486973149,Female,North,40.0,Health,33.62965412697576,2022-04-05,2022-07-15,4,2022,101,-1202,2022-07
919,920,36.0,95000.0,787.1835983670782,Male,South,45.0,Clothing,56.19752393137492,2021-05-08,2021-07-24,5,2021,77,-1558,2021-07
920,921,37.0,57500.0,1175.1746076565014,Female,West,22.0,Electronics,53.78282791267486,2022-01-11,2023-08-26,1,2022,592,-795,2023-08
922,923,35.0,94900.0,1246.0245482384669,Male,South,15.0,Toys,34.75338626603488,2021-03-24,2023-10-01,3,2021,921,-759,2023-10
923,924,64.0,93000.0,970.9826324068844,Female,South,49.0,Clothing,0.5896940036786757,2022-06-19,2023-10-16,6,2022,484,-744,2023-10
927,928,32.0,30600.0,1200.9392301588068,Male,South,18.0,Clothing,82.10112596512735,2022-11-05,2022-12-14,11,2022,39,-1050,2022-12
928,929,48.0,99300.0,979.6852435338888,Male,West,42.0,Clothing,30.04098587867969,2021-04-13,2022-09-29,4,2021,534,-1126,2022-09
929,930,18.0,37600.0,73.19795500897189,Male,West,49.0,Electronics,81.54722372311751,2022-06-03,2023-03-15,6,2022,285,-959,2023-03
931,932,71.0,110500.0,230.12865927217103,Male,North,15.0,Electronics,9.669838554633724,2022-11-15,2023-05-28,11,2022,194,-885,2023-05
932,933,71.0,56800.0,1072.0865268703365,Male,South,6.0,Toys,97.79115625906942,2021-09-13,2023-05-07,9,2021,601,-906,2023-05
934,935,33.0,81100.0,1234.0407839839754,Male,South,47.0,Clothing,62.94785139623463,2021-07-11,2022-06-15,7,2021,339,-1232,2022-06
936,937,74.0,56100.0,613.3439940061518,Male,East,9.0,Health,36.24122522268807,2022-06-19,2022-12-19,6,2022,183,-1045,2022-12
940,941,49.0,104200.0,1367.7312989869592,Male,North,13.0,Electronics,65.70008866315482,2022-03-20,2022-07-09,3,2022,111,-1208,2022-07
942,943,25.0,72400.0,1031.7220712292228,Male,West,27.0,Electronics,19.01258976890813,2021-07-14,2023-06-01,7,2021,687,-881,2023-06
944,945,29.0,74400.0,126.48828907120826,Male,North,5.0,Clothing,10.879584638095483,2022-08-05,2022-09-23,8,2022,49,-1132,2022-09
945,946,41.0,88700.0,63.72997369633589,Female,North,22.0,Clothing,60.22084642482034,2021-12-26,2023-04-01,12,2021,461,-942,2023-04
946,947,45.0,102300.0,728.763165174874,Female,South,31.0,Health,80.09376958208561,2022-07-02,2022-08-07,7,2022,36,-1179,2022-08
947,948,70.0,35500.0,680.6485634547114,Female,South,3.0,Health,61.083865658493366,2021-04-18,2023-04-26,4,2021,738,-917,2023-04
948,949,25.0,84100.0,787.6364065812334,Female,West,30.0,Health,17.9783830977044,2021-01-24,2023-04-22,1,2021,818,-921,2023-04
951,952,53.0,86700.0,1716.7895412569533,Male,South,6.0,Toys,30.27247960782191,2021-01-22,2021-09-11,1,2021,232,-1509,2021-09
952,953,43.0,103600.0,1878.6549780405887,Male,North,28.0,Clothing,83.26515022526404,2022-05-17,2022-07-25,5,2022,69,-1192,2022-07
954,955,75.0,65800.0,1407.7140842683486,Male,West,42.0,Clothing,2.174080783667487,2022-05-16,2023-05-01,5,2022,350,-912,2023-05
959,960,54.0,88900.0,1041.0395711326048,Male,South,22.0,Clothing,64.10423182678943,2021-10-13,2023-09-06,10,2021,693,-784,2023-09
961,962,53.0,111800.0,373.2638711957216,Female,West,39.0,Health,18.462720673731532,2022-01-19,2023-05-21,1,2022,487,-892,2023-05
962,963,44.0,41400.0,234.1469288552464,Male,West,30.0,Electronics,76.00358554624314,2021-01-11,2021-09-14,1,2021,246,-1506,2021-09
966,967,50.0,91500.0,399.6377104327276,Female,East,40.0,Electronics,9.105385030946444,2021-10-30,2022-07-10,10,2021,253,-1207,2022-07
967,968,70.0,60400.0,1119.8846147358702,Male,West,33.0,Electronics,25.11002237065345,2021-07-23,2022-12-25,7,2021,520,-1039,2022-12
968,969,37.0,37300.0,1176.160192737048,Female,West,25.0,Electronics,28.492980552511423,2021-12-11,2022-10-15,12,2021,308,-1110,2022-10
970,971,45.0,64100.0,1705.7833808251185,Male,North,24.0,Health,16.088336774205892,2021-01-22,2021-03-26,1,2021,63,-1678,2021-03
973,974,30.0,67500.0,1367.161139249794,Female,South,46.0,Clothing,49.09317308164655,2021-04-06,2021-10-11,4,2021,188,-1479,2021-10
974,975,63.0,31200.0,562.7583203620173,Male,West,13.0,Health,43.46945143083677,2022-03-21,2023-12-02,3,2022,621,-697,2023-12
975,976,52.0,28800.0,1658.796885666918,Male,East,10.0,Electronics,56.6601346950191,2021-09-20,2023-09-30,9,2021,740,-760,2023-09
977,978,23.0,99300.0,1582.2652322053057,Female,North,18.0,Clothing,99.00863745790824,2022-01-18,2022-09-06,1,2022,231,-1149,2022-09
978,979,35.0,21000.0,255.8309410358982,Male,North,32.0,Health,55.7524376194266,2022-07-04,2022-10-11,7,2022,99,-1114,2022-10
980,981,22.0,111600.0,587.2180007342756,Female,East,36.0,Electronics,58.99776046995998,2022-08-24,2023-09-25,8,2022,397,-765,2023-09
982,983,42.0,37500.0,1501.0718318648169,Male,East,16.0,Electronics,2.403769666640887,2021-04-02,2023-07-27,4,2021,846,-825,2023-07
984,985,27.0,25800.0,1414.5839255952174,Male,South,18.0,Toys,1.056687207381335,2021-06-08,2023-07-10,6,2021,762,-842,2023-07
987,988,67.0,27100.0,626.4104162691372,Male,West,16.0,Electronics,23.7604496983026,2022-01-07,2022-01-31,1,2022,24,-1367,2022-01
990,991,22.0,118800.0,401.8837260054362,Female,North,1.0,Health,6.63511719879809,2021-02-06,2021-09-06,2,2021,212,-1514,2021-09
992,993,73.0,90200.0,1073.801292215264,Female,East,38.0,Electronics,82.26562836884254,2022-11-22,2022-12-02,11,2022,10,-1062,2022-12
993,994,50.0,109900.0,1646.8503081623314,Male,South,28.0,Electronics,83.6737569944919,2021-02-06,2022-01-29,2,2021,357,-1369,2022-01
994,995,71.0,27600.0,220.7320880903298,Female,West,45.0,Health,72.67000841845227,2021-04-11,2022-10-14,4,2021,551,-1111,2022-10
995,996,18.0,67100.0,1587.9448211155438,Female,South,17.0,Health,35.27450125170921,2022-06-27,2023-10-15,6,2022,475,-745,2023-10
996,997,35.0,57300.0,1626.9125686160653,Male,South,1.0,Electronics,82.12544498888423,2021-07-09,2022-02-10,7,2021,216,-1357,2022-02
997,998,49.0,92200.0,974.9025201614562,Male,East,32.0,Electronics,53.9774520242882,2022-05-27,2023-09-27,5,2022,488,-763,2023-09
999,1000,66.0,97400.0,365.6879054694291,Male,North,40.0,Clothing,43.72767691143904,2021-03-31,2021-06-04,3,2021,65,-1608,2021-06
1000,1001,28.0,46500.0,1420.704024820626,Female,North,43.0,Clothing,6.576776983457567,2021-01-06,2023-05-17,1,2021,861,-896,2023-05
1001,1002,38.0,38700.0,1429.32033108208,Female,East,46.0,Toys,94.49086867499136,2021-05-19,2022-07-13,5,2021,420,-1204,2022-07
1002,1003,43.0,99700.0,1798.7434448319773,Male,West,24.0,Health,61.911641735184006,2021-04-05,2021-07-13,4,2021,99,-1569,2021-07
1005,1006,76.0,104100.0,260.4015128998448,Male,West,39.0,Health,66.77499845209806,2022-01-21,2023-09-07,1,2022,594,-783,2023-09
1007,1008,66.0,91900.0,383.8936369136443,Female,East,10.0,Clothing,52.53712797848466,2021-10-12,2022-04-17,10,2021,187,-1291,2022-04
1009,1010,50.0,28100.0,984.6797737053896,Male,West,25.0,Electronics,4.451885141159995,2022-11-22,2023-03-13,11,2022,111,-961,2023-03
1010,1011,51.0,51800.0,69.03445760077938,Female,East,10.0,Electronics,95.61656838882706,2022-05-05,2022-07-07,5,2022,63,-1210,2022-07
1011,1012,58.0,47800.0,512.6616734994651,Female,West,19.0,Health,42.41596830059892,2021-11-21,2022-12-31,11,2021,405,-1033,2022-12
1012,1013,52.0,43200.0,827.6214248444145,Female,South,46.0,Toys,28.989549205137124,2022-02-11,2022-05-28,2,2022,106,-1250,2022-05
1013,1014,18.0,50500.0,573.6799106165483,Male,West,45.0,Clothing,53.18213616419428,2022-06-03,2023-10-10,6,2022,494,-750,2023-10
1015,1016,65.0,91700.0,1461.4642704364708,Female,South,16.0,Clothing,47.47550617686376,2021-03-18,2023-04-30,3,2021,773,-913,2023-04
1016,1017,72.0,26400.0,1630.03235723261,Female,South,2.0,Electronics,64.51056765863919,2021-08-22,2023-03-05,8,2021,560,-969,2023-03
1019,1020,34.0,81600.0,783.3960575146014,Female,West,29.0,Electronics,13.803091519663656,2022-04-09,2022-05-19,4,2022,40,-1259,2022-05
1025,1026,70.0,56600.0,158.04446315078437,Male,East,15.0,Electronics,45.58894241342409,2022-12-20,2023-07-10,12,2022,202,-842,2023-07
1027,1028,54.0,47800.0,787.9118537507668,Female,West,31.0,Clothing,3.486590631702557,2022-08-28,2022-12-23,8,2022,117,-1041,2022-12
1029,1030,54.0,35900.0,1454.8985834384123,Female,North,41.0,Toys,35.3081157400866,2021-06-26,2021-12-31,6,2021,188,-1398,2021-12
1031,1032,27.0,22000.0,1727.7294513586355,Male,South,45.0,Health,49.39872654301404,2022-11-22,2023-01-04,11,2022,43,-1029,2023-01
1032,1033,36.0,96500.0,645.6743394279501,Female,East,26.0,Health,36.06696643093027,2022-10-03,2023-05-26,10,2022,235,-887,2023-05
1033,1034,34.0,28600.0,1707.3805345793146,Male,East,38.0,Toys,55.54413024408264,2022-09-29,2023-09-21,9,2022,357,-769,2023-09
1034,1035,38.0,106900.0,101.04920986120386,Male,West,36.0,Health,72.08252280828007,2021-01-27,2022-10-23,1,2021,634,-1102,2022-10
1036,1037,26.0,96200.0,1254.568006444826,Male,West,3.0,Electronics,15.70836476289097,2021-03-01,2021-11-09,3,2021,253,-1450,2021-11
1040,1041,62.0,76900.0,687.7884541873681,Female,East,41.0,Clothing,75.08303636863344,2021-09-27,2022-12-04,9,2021,433,-1060,2022-12
1041,1042,30.0,90400.0,375.6075672513899,Female,East,27.0,Toys,22.280684240028517,2021-04-26,2022-10-08,4,2021,530,-1117,2022-10
1044,1045,18.0,102400.0,961.2639936038552,Male,North,48.0,Toys,78.87717155654934,2022-08-27,2023-05-29,8,2022,275,-884,2023-05
1045,1046,66.0,82500.0,1570.3404580674598,Male,East,34.0,Health,70.50444718255345,2021-03-26,2022-05-31,3,2021,431,-1247,2022-05
1049,1050,45.0,20400.0,246.18953441096372,Female,East,34.0,Clothing,85.23740974825584,2022-06-20,2023-01-19,6,2022,213,-1014,2023-01
1050,1051,48.0,95300.0,525.5996334532249,Male,West,40.0,Health,38.61869441194644,2021-03-30,2023-03-30,3,2021,730,-944,2023-03
1051,1052,25.0,105400.0,1659.393397734458,Female,East,25.0,Clothing,6.117988091840654,2022-07-03,2023-09-29,7,2022,453,-761,2023-09
1052,1053,56.0,120000.0,768.4281964797832,Female,East,2.0,Toys,37.44191769022967,2022-05-22,2023-05-17,5,2022,360,-896,2023-05
1053,1054,43.0,50700.0,1962.7394864118075,Male,East,34.0,Toys,20.73126732427414,2022-02-12,2022-08-31,2,2022,200,-1155,2022-08
1054,1055,75.0,45900.0,943.181497425114,Female,South,26.0,Clothing,93.92070170650176,2021-09-28,2023-06-29,9,2021,639,-853,2023-06
1056,1057,71.0,75800.0,816.5679419370964,Male,South,9.0,Toys,5.083266421334864,2022-05-09,2023-11-03,5,2022,543,-726,2023-11
1060,1061,67.0,46800.0,1104.085410438789,Male,West,29.0,Clothing,90.62964019071607,2021-12-16,2022-02-20,12,2021,66,-1347,2022-02
1063,1064,71.0,59500.0,219.11420952521985,Female,North,44.0,Health,93.18832818364258,2021-02-04,2023-01-22,2,2021,717,-1011,2023-01
1064,1065,61.0,75600.0,798.6577404964461,Female,North,25.0,Toys,14.521168671467056,2022-06-17,2023-08-08,6,2022,417,-813,2023-08
1067,1068,47.0,77200.0,705.4698356270487,Female,South,44.0,Health,3.0058312201998505,2022-05-02,2022-11-21,5,2022,203,-1073,2022-11
1069,1070,74.0,66900.0,713.3933884259737,Female,North,37.0,Electronics,95.27928270829128,2022-06-08,2022-08-11,6,2022,64,-1175,2022-08
1075,1076,54.0,21400.0,1739.7429159339324,Female,West,20.0,Health,22.776040309328828,2021-09-29,2023-10-01,9,2021,732,-759,2023-10
1076,1077,38.0,100400.0,1137.98691863448,Female,North,9.0,Clothing,10.18373415997994,2022-06-18,2023-05-11,6,2022,327,-902,2023-05
1077,1078,31.0,110800.0,1042.922631871465,Male,East,23.0,Electronics,72.89330117180371,2022-09-22,2023-04-25,9,2022,215,-918,2023-04
1081,1082,56.0,59000.0,1376.6455362900056,Male,North,19.0,Toys,3.9570961811353778,2021-09-14,2021-12-17,9,2021,94,-1412,2021-12
1084,1085,51.0,46500.0,545.1129032537217,Male,West,43.0,Electronics,15.26968104465608,2022-03-12,2023-09-06,3,2022,543,-784,2023-09
1087,1088,51.0,39600.0,849.8896253952688,Male,South,21.0,Health,35.65657573377936,2021-01-19,2021-02-26,1,2021,38,-1706,2021-02
1091,1092,44.0,75700.0,345.906561925158,Female,South,7.0,Electronics,96.29802480652717,2021-06-09,2021-10-10,6,2021,123,-1480,2021-10
1092,1093,68.0,46100.0,146.48193951318763,Female,West,22.0,Clothing,39.0729056209689,2021-04-10,2023-03-17,4,2021,706,-957,2023-03
1094,1095,69.0,27700.0,456.2318152714957,Male,West,23.0,Health,66.5772421060789,2021-02-18,2021-08-06,2,2021,169,-1545,2021-08
1095,1096,74.0,111100.0,1040.304272228866,Male,North,15.0,Toys,80.94785841221682,2022-11-08,2023-01-15,11,2022,68,-1018,2023-01
1097,1098,50.0,66100.0,1508.5061596122966,Female,North,34.0,Toys,69.86102220544285,2021-02-28,2023-09-24,2,2021,938,-766,2023-09
1098,1099,41.0,87500.0,1814.3423684815743,Male,North,13.0,Clothing,37.29315685666111,2021-07-02,2021-09-17,7,2021,77,-1503,2021-09
1106,1107,22.0,58700.0,704.8005387910332,Male,West,35.0,Health,19.66320424660023,2021-07-08,2022-01-16,7,2021,192,-1382,2022-01
1110,1111,73.0,92800.0,337.97551618575096,Female,North,34.0,Electronics,6.935167101859663,2021-01-30,2023-07-26,1,2021,907,-826,2023-07
1112,1113,27.0,92900.0,400.071769211537,Male,North,11.0,Clothing,29.29107655380726,2022-04-13,2022-08-30,4,2022,139,-1156,2022-08
1113,1114,34.0,79000.0,1444.0841497074107,Male,South,13.0,Electronics,29.576613119709585,2022-09-09,2023-02-04,9,2022,148,-998,2023-02
1115,1116,37.0,99100.0,646.1059426753935,Male,East,2.0,Clothing,40.47915943205342,2021-07-10,2023-09-18,7,2021,800,-772,2023-09
1116,1117,41.0,22500.0,1693.0422902074008,Female,East,34.0,Electronics,28.402866820278227,2022-04-16,2022-05-21,4,2022,35,-1257,2022-05
1119,1120,23.0,82200.0,816.698640430486,Female,West,4.0,Clothing,88.60190180435904,2021-01-01,2022-04-11,1,2021,465,-1297,2022-04
1122,1123,30.0,56600.0,326.6179966760661,Male,North,28.0,Electronics,54.72927643469817,2021-02-22,2022-04-19,2,2021,421,-1289,2022-04
1123,1124,79.0,56400.0,758.5396744223888,Female,West,3.0,Toys,63.075350298143086,2021-09-19,2022-10-17,9,2021,393,-1108,2022-10
1125,1126,60.0,75300.0,1397.674034542676,Male,South,10.0,Clothing,37.73484566398125,2021-10-29,2022-06-06,10,2021,220,-1241,2022-06
1127,1128,28.0,114300.0,1991.1117166714157,Male,West,27.0,Electronics,87.81810458043095,2021-03-14,2022-02-19,3,2021,342,-1348,2022-02
1128,1129,68.0,41100.0,911.5480846743496,Male,West,31.0,Clothing,44.995378578085,2021-12-23,2021-12-30,12,2021,7,-1399,2021-12
1134,1135,48.0,61900.0,696.894222220339,Female,East,34.0,Electronics,23.842370049535557,2021-05-17,2022-05-24,5,2021,372,-1254,2022-05
1135,1136,28.0,118700.0,1971.891245711604,Male,West,39.0,Clothing,0.2007045838974042,2022-02-08,2022-04-11,2,2022,62,-1297,2022-04
1139,1140,21.0,102100.0,37.37887965690034,Male,West,18.0,Toys,26.27899723554192,2021-07-25,2022-12-24,7,2021,517,-1040,2022-12
1142,1143,73.0,82400.0,94.04604100941864,Female,East,4.0,Toys,84.12262245742964,2021-02-05,2021-06-23,2,2021,138,-1589,2021-06
1143,1144,42.0,35100.0,1020.6232078817408,Male,West,13.0,Clothing,17.033163436986953,2021-08-18,2022-10-08,8,2021,416,-1117,2022-10
1147,1148,44.0,41900.0,259.0783390754266,Female,South,13.0,Electronics,60.33139044459218,2021-05-11,2023-10-27,5,2021,899,-733,2023-10
1148,1149,46.0,88100.0,1954.3917813307128,Female,South,27.0,Toys,90.31525112022932,2022-07-31,2023-05-28,7,2022,301,-885,2023-05
1152,1153,75.0,112500.0,1629.864338483958,Male,North,38.0,Clothing,70.29492911786699,2021-07-05,2023-07-22,7,2021,747,-830,2023-07
1153,1154,68.0,110200.0,216.4746002674006,Male,West,19.0,Toys,9.294746645370632,2021-10-01,2022-05-24,10,2021,235,-1254,2022-05
1155,1156,38.0,119500.0,1264.4342970676837,Female,South,40.0,Toys,16.85596720562218,2021-12-18,2022-10-07,12,2021,293,-1118,2022-10
1157,1158,35.0,56200.0,1262.386439556824,Female,West,21.0,Toys,72.51376641998436,2021-05-31,2023-04-04,5,2021,673,-939,2023-04
1158,1159,45.0,25900.0,1848.8563783483123,Female,North,22.0,Electronics,55.70068206893427,2022-01-19,2023-11-28,1,2022,678,-701,2023-11
1160,1161,78.0,56700.0,84.25313204553791,Male,North,39.0,Electronics,25.28673003281405,2021-11-22,2022-09-09,11,2021,291,-1146,2022-09
1162,1163,38.0,42400.0,634.408089267561,Female,South,39.0,Clothing,20.65479697688959,2022-04-11,2023-04-28,4,2022,382,-915,2023-04
1163,1164,23.0,47000.0,810.2696788810329,Female,West,32.0,Toys,40.027700741448015,2021-04-05,2021-10-30,4,2021,208,-1460,2021-10
1168,1169,43.0,32000.0,113.0451519861726,Female,North,32.0,Toys,88.54408485107929,2021-12-22,2023-02-22,12,2021,427,-980,2023-02
1169,1170,63.0,72900.0,690.8497827775993,Male,South,4.0,Electronics,23.291456088903335,2021-08-28,2022-01-03,8,2021,128,-1395,2022-01
1170,1171,51.0,101500.0,822.1941362832451,Male,South,1.0,Toys,45.085668261760894,2022-07-18,2022-12-28,7,2022,163,-1036,2022-12
1172,1173,31.0,78700.0,1265.1683360365876,Female,West,7.0,Health,33.51531426223207,2021-06-16,2023-05-12,6,2021,695,-901,2023-05
1173,1174,43.0,106100.0,1287.9538783555972,Male,South,9.0,Health,50.6880444032203,2021-05-20,2021-10-07,5,2021,140,-1483,2021-10
1174,1175,62.0,76700.0,1703.9983720906223,Female,North,1.0,Electronics,73.27402143357924,2021-05-19,2021-11-12,5,2021,177,-1447,2021-11
1175,1176,44.0,47900.0,1486.9211514027313,Female,North,16.0,Toys,19.807712005863177,2021-08-23,2023-03-27,8,2021,581,-947,2023-03
1176,1177,26.0,97900.0,1094.2951873925922,Male,West,18.0,Clothing,21.809212840646587,2021-01-03,2021-05-31,1,2021,148,-1612,2021-05
1177,1178,43.0,30600.0,1314.1018046879517,Male,East,47.0,Toys,63.15778405210494,2021-09-13,2023-10-06,9,2021,753,-754,2023-10
1178,1179,74.0,104800.0,562.4977874551759,Female,North,6.0,Clothing,38.24577834543116,2022-01-06,2022-10-31,1,2022,298,-1094,2022-10
1179,1180,64.0,57000.0,1194.251256135368,Male,South,2.0,Toys,48.20948672323478,2021-10-05,2022-02-11,10,2021,129,-1356,2022-02
1182,1183,64.0,32900.0,0.0,Female,West,45.0,Health,65.24993806091712,2021-08-04,2022-05-07,8,2021,276,-1271,2022-05
1183,1184,73.0,86700.0,597.5530324287404,Female,East,23.0,Health,65.67750416599722,2021-09-27,2023-10-30,9,2021,763,-730,2023-10
1184,1185,47.0,88900.0,1850.1329427640649,Male,East,43.0,Electronics,80.36119429560182,2022-04-21,2023-01-08,4,2022,262,-1025,2023-01
1187,1188,78.0,106200.0,751.3211775770759,Female,West,8.0,Toys,34.21729826868402,2022-04-05,2022-05-13,4,2022,38,-1265,2022-05
1188,1189,34.0,62800.0,1334.2106224782665,Female,South,39.0,Electronics,98.931618350921,2021-01-16,2022-09-14,1,2021,606,-1141,2022-09
1189,1190,43.0,98500.0,254.11201709483825,Male,North,25.0,Toys,19.65102888079188,2022-07-18,2023-06-08,7,2022,325,-874,2023-06
1195,1196,78.0,114800.0,691.1106551899284,Female,North,15.0,Electronics,36.166490253609496,2022-05-03,2022-05-23,5,2022,20,-1255,2022-05
1197,1198,32.0,35100.0,173.41628810892405,Male,West,43.0,Health,96.086281628198,2021-01-10,2021-02-06,1,2021,27,-1726,2021-02
1198,1199,64.0,72400.0,578.981391737226,Female,East,5.0,Electronics,71.50318415582863,2022-12-25,2023-06-19,12,2022,176,-863,2023-06
1200,1201,39.0,97100.0,527.6977948439048,Female,North,15.0,Toys,43.59692660003781,2022-05-04,2022-06-08,5,2022,35,-1239,2022-06
1205,1206,31.0,21400.0,1505.654936123513,Male,South,19.0,Electronics,46.09797866933572,2022-01-12,2023-10-28,1,2022,654,-732,2023-10
1209,1210,43.0,61900.0,944.4186362637467,Male,East,5.0,Clothing,29.83536306528833,2022-04-29,2023-01-24,4,2022,270,-1009,2023-01
1213,1214,68.0,107400.0,898.2554240870354,Female,South,44.0,Health,20.00492331463749,2021-02-09,2023-04-14,2,2021,794,-929,2023-04
1214,1215,24.0,87700.0,1878.9764107817005,Male,North,23.0,Electronics,55.81922352997577,2021-10-29,2022-04-06,10,2021,159,-1302,2022-04
1216,1217,64.0,104100.0,961.4179402148584,Female,South,9.0,Health,3.6788916718830778,2021-03-03,2021-11-08,3,2021,250,-1451,2021-11
1218,1219,63.0,42100.0,1384.4597591816012,Female,East,20.0,Electronics,12.825511212041752,2021-09-02,2021-09-03,9,2021,1,-1517,2021-09
1221,1222,77.0,91400.0,865.1794910142773,Male,South,37.0,Toys,43.248000042192736,2022-02-02,2023-12-02,2,2022,668,-697,2023-12
1224,1225,75.0,109900.0,1459.216274156748,Male,North,33.0,Health,29.5371182707486,2022-09-12,2023-09-15,9,2022,368,-775,2023-09
1225,1226,55.0,76700.0,1750.547069191257,Male,North,20.0,Toys,5.170299984067017,2021-04-14,2021-10-27,4,2021,196,-1463,2021-10
1226,1227,52.0,101300.0,457.010920169949,Female,West,48.0,Toys,76.75951182531763,2022-10-08,2023-06-20,10,2022,255,-862,2023-06
1227,1228,68.0,66100.0,333.7271136360138,Male,North,30.0,Toys,35.25271266784217,2021-12-10,2023-05-24,12,2021,530,-889,2023-05
1228,1229,32.0,83700.0,143.16608122086814,Male,South,44.0,Electronics,88.97247409999693,2022-01-06,2022-05-01,1,2022,115,-1277,2022-05
1230,1231,72.0,116200.0,636.536240987317,Female,South,45.0,Toys,71.76586061377073,2022-01-09,2023-03-17,1,2022,432,-957,2023-03
1231,1232,54.0,88500.0,815.3598476643574,Male,South,49.0,Clothing,93.95647032346793,2021-06-27,2021-06-30,6,2021,3,-1582,2021-06
1232,1233,45.0,37700.0,1015.4453793870324,Male,East,17.0,Health,65.11524506354797,2021-01-12,2023-06-02,1,2021,871,-880,2023-06
1234,1235,56.0,73200.0,1308.6497786917405,Male,North,14.0,Clothing,56.73992687859428,2022-10-05,2022-11-25,10,2022,51,-1069,2022-11
1235,1236,74.0,78400.0,1237.8279671184664,Male,South,19.0,Electronics,54.34451885418926,2021-09-06,2021-12-06,9,2021,91,-1423,2021-12
1236,1237,34.0,43800.0,367.8307579127032,Female,North,7.0,Toys,58.48200366533628,2022-03-24,2022-05-06,3,2022,43,-1272,2022-05
1239,1240,43.0,35600.0,1947.0565484003737,Male,North,44.0,Clothing,14.504327166918715,2021-08-24,2022-04-01,8,2021,220,-1307,2022-04
1241,1242,61.0,53300.0,38.89583907310876,Female,West,47.0,Health,62.47801006840636,2021-11-18,2022-12-20,11,2021,397,-1044,2022-12
1242,1243,42.0,55600.0,169.0968385249701,Female,East,11.0,Toys,11.69135721755914,2022-01-06,2022-03-15,1,2022,68,-1324,2022-03
1244,1245,30.0,81300.0,1644.6784025370546,Female,South,2.0,Toys,86.59659535008205,2021-10-23,2022-05-24,10,2021,213,-1254,2022-05
1246,1247,42.0,50800.0,924.3265739139638,Female,North,4.0,Toys,66.44769629063916,2021-02-27,2023-08-23,2,2021,907,-798,2023-08
1248,1249,27.0,36600.0,123.9137859974606,Female,South,17.0,Clothing,35.228108070579914,2022-07-02,2023-05-29,7,2022,331,-884,2023-05
1249,1250,20.0,27200.0,911.4678476117822,Male,West,28.0,Health,49.09250939863308,2022-02-12,2023-10-15,2,2022,610,-745,2023-10
1250,1251,58.0,108700.0,524.4024405267032,Male,South,30.0,Electronics,19.035222836031352,2022-10-03,2023-02-14,10,2022,134,-988,2023-02
1252,1253,35.0,101000.0,1417.1183034729002,Male,West,23.0,Clothing,71.79305248344978,2021-03-05,2021-03-05,3,2021,0,-1699,2021-03
1254,1255,53.0,21600.0,266.8019094057704,Male,East,24.0,Electronics,26.406713567366506,2022-02-24,2023-05-10,2,2022,440,-903,2023-05
1259,1260,25.0,52000.0,113.1755913308374,Female,North,19.0,Health,72.00515995351068,2022-03-28,2023-01-06,3,2022,284,-1027,2023-01
1262,1263,61.0,34800.0,840.5286274826203,Male,South,36.0,Clothing,21.432776195331314,2021-07-20,2022-09-25,7,2021,432,-1130,2022-09
1263,1264,36.0,117200.0,1872.9357441375887,Male,North,35.0,Electronics,68.73763907278713,2022-04-18,2023-12-13,4,2022,604,-686,2023-12
1264,1265,59.0,66200.0,924.9781253462372,Female,West,6.0,Toys,59.63766176932567,2021-06-28,2021-08-21,6,2021,54,-1530,2021-08
1266,1267,54.0,119600.0,1132.6318019689334,Female,South,39.0,Health,43.78258116344047,2022-03-29,2022-11-05,3,2022,221,-1089,2022-11
1267,1268,23.0,76400.0,241.6304647068827,Male,East,46.0,Toys,56.79205032734082,2021-09-27,2022-07-03,9,2021,279,-1214,2022-07
1268,1269,69.0,91200.0,1226.8216641898669,Male,South,44.0,Electronics,49.32921760875567,2021-08-22,2023-07-26,8,2021,703,-826,2023-07
1274,1275,62.0,35700.0,1819.5535045116271,Male,North,21.0,Electronics,46.93820505825953,2022-08-07,2023-07-03,8,2022,330,-849,2023-07
1275,1276,23.0,57800.0,1574.6759711572258,Male,South,31.0,Electronics,88.14719638223171,2021-12-23,2022-07-07,12,2021,196,-1210,2022-07
1276,1277,54.0,93500.0,985.064480139599,Male,East,48.0,Toys,81.86274411366156,2021-02-18,2022-11-07,2,2021,627,-1087,2022-11
1277,1278,74.0,65500.0,1891.83586623726,Male,West,36.0,Toys,62.95699611705368,2022-05-11,2023-02-09,5,2022,274,-993,2023-02
1280,1281,39.0,27100.0,120.00463691795696,Female,West,27.0,Electronics,74.39917193796687,2021-10-20,2022-12-08,10,2021,414,-1056,2022-12
1283,1284,23.0,109700.0,540.1874682513796,Female,North,23.0,Clothing,13.977696593814294,2021-05-30,2021-10-09,5,2021,132,-1481,2021-10
1285,1286,65.0,78700.0,662.1711806911939,Female,South,13.0,Electronics,4.488568549672312,2022-06-29,2023-12-11,6,2022,530,-688,2023-12
1286,1287,21.0,109100.0,1905.244955811176,Female,West,37.0,Health,16.17961748902408,2021-09-17,2022-05-10,9,2021,235,-1268,2022-05
1287,1288,47.0,51900.0,1650.8182776111198,Female,South,47.0,Electronics,3.014379479774165,2021-11-18,2022-02-13,11,2021,87,-1354,2022-02
1288,1289,28.0,71000.0,1423.8229924262316,Male,East,26.0,Toys,73.26422424425209,2021-03-18,2021-09-30,3,2021,196,-1490,2021-09
1295,1296,26.0,78200.0,146.52386525578015,Male,South,23.0,Health,34.202951460460305,2021-11-26,2023-06-27,11,2021,578,-855,2023-06
1298,1299,68.0,55300.0,1741.9690202204522,Male,South,42.0,Clothing,33.551434607932066,2021-05-31,2023-09-11,5,2021,833,-779,2023-09
1299,1300,48.0,100900.0,955.0083229972846,Male,West,18.0,Clothing,14.034197271804585,2022-06-30,2022-07-20,6,2022,20,-1197,2022-07
1304,1305,48.0,91300.0,1592.4810437280237,Male,North,26.0,Clothing,75.6732313125627,2022-01-03,2022-12-25,1,2022,356,-1039,2022-12
1305,1306,23.0,52500.0,1257.9279275622475,Male,East,7.0,Clothing,21.81749762779721,2022-05-07,2022-09-26,5,2022,142,-1129,2022-09
1311,1312,32.0,111000.0,1580.637841136078,Male,North,13.0,Toys,3.866181432173843,2022-01-03,2023-07-09,1,2022,552,-843,2023-07
1312,1313,23.0,63200.0,67.60164998554689,Male,West,25.0,Electronics,49.52444343542575,2021-03-21,2023-09-02,3,2021,895,-788,2023-09
1314,1315,66.0,22300.0,1382.9100548621984,Female,East,8.0,Electronics,48.63202272490265,2021-09-15,2022-08-24,9,2021,343,-1162,2022-08
1315,1316,47.0,68700.0,1502.422987309527,Male,South,10.0,Clothing,14.13591308861497,2021-10-06,2022-06-29,10,2021,266,-1218,2022-06
1317,1318,55.0,59200.0,1737.0111618136775,Male,South,17.0,Toys,11.062082023228836,2022-07-12,2023-07-23,7,2022,376,-829,2023-07
1319,1320,79.0,112200.0,488.69630557284216,Female,West,15.0,Toys,59.50789355038547,2022-08-08,2023-11-17,8,2022,466,-712,2023-11
1320,1321,74.0,64800.0,1767.5786058841468,Female,South,15.0,Toys,97.6660637210142,2022-07-20,2023-03-28,7,2022,251,-946,2023-03
1322,1323,32.0,91900.0,130.29953550818547,Female,West,40.0,Clothing,68.71736926095025,2022-06-05,2023-08-31,6,2022,452,-790,2023-08
1323,1324,28.0,114300.0,275.8631242034437,Female,West,20.0,Health,53.94246710443752,2021-11-22,2023-08-06,11,2021,622,-815,2023-08
1324,1325,25.0,105800.0,134.32733734473126,Male,East,15.0,Health,49.835793429443775,2021-06-21,2023-01-08,6,2021,566,-1025,2023-01
1325,1326,43.0,32200.0,1693.1242295684362,Male,North,35.0,Toys,6.470419683985118,2021-03-25,2021-11-20,3,2021,240,-1439,2021-11
1326,1327,68.0,118600.0,136.91928602737846,Male,West,6.0,Health,14.429740227527944,2022-06-08,2023-05-17,6,2022,343,-896,2023-05
1327,1328,62.0,35400.0,557.8950989000379,Female,South,30.0,Clothing,88.30577292325673,2022-04-26,2023-01-05,4,2022,254,-1028,2023-01
1328,1329,61.0,49800.0,225.43756020099565,Male,West,8.0,Health,41.01643150418033,2022-06-28,2023-03-04,6,2022,249,-970,2023-03
1331,1332,43.0,118900.0,1342.6464364711678,Female,North,47.0,Electronics,37.888237955123486,2021-11-16,2023-06-11,11,2021,572,-871,2023-06
1335,1336,37.0,91400.0,47.05013723180665,Male,South,18.0,Clothing,38.725904025443405,2021-04-24,2023-06-14,4,2021,781,-868,2023-06
1336,1337,50.0,98400.0,1793.538183919927,Female,West,13.0,Health,44.69755694027391,2022-02-11,2023-12-13,2,2022,670,-686,2023-12
1337,1338,37.0,36300.0,77.30974715186679,Male,North,24.0,Toys,98.51262236761242,2021-01-26,2023-05-20,1,2021,844,-893,2023-05
1338,1339,66.0,25900.0,494.4986542159621,Male,West,40.0,Electronics,35.145476928571775,2021-08-25,2022-06-17,8,2021,296,-1230,2022-06
1339,1340,29.0,83200.0,84.13049279647022,Male,East,14.0,Electronics,64.45788958808689,2021-11-06,2023-09-27,11,2021,690,-763,2023-09
1341,1342,18.0,66000.0,1037.4557209122777,Male,South,11.0,Electronics,6.548138183021912,2021-08-21,2023-08-12,8,2021,721,-809,2023-08
1343,1344,31.0,42100.0,689.2034699302756,Male,West,25.0,Clothing,73.07349024056865,2021-09-22,2021-10-28,9,2021,36,-1462,2021-10
1349,1350,30.0,87000.0,387.10952374062754,Male,North,33.0,Clothing,75.70330569412019,2022-01-19,2022-08-09,1,2022,202,-1177,2022-08
1351,1352,20.0,107700.0,1035.4685011664424,Male,South,24.0,Clothing,27.88505300867648,2021-11-12,2023-03-21,11,2021,494,-953,2023-03
1352,1353,50.0,25400.0,1692.699210752529,Male,East,27.0,Clothing,86.25743540614567,2021-09-13,2022-09-26,9,2021,378,-1129,2022-09
1353,1354,23.0,74200.0,177.61805244516114,Male,East,4.0,Toys,98.60718703388544,2022-03-17,2023-11-01,3,2022,594,-728,2023-11
1354,1355,67.0,94700.0,1419.7735106169769,Male,West,24.0,Health,25.4349101197638,2021-04-25,2023-07-20,4,2021,816,-832,2023-07
1355,1356,73.0,58400.0,1315.6059901126582,Female,West,23.0,Toys,80.62461495859326,2021-10-26,2022-10-21,10,2021,360,-1104,2022-10
1356,1357,27.0,106000.0,1747.5895046221376,Female,South,29.0,Clothing,75.01663163764573,2021-05-04,2023-06-05,5,2021,762,-877,2023-06
1361,1362,19.0,46700.0,789.7614574659619,Male,East,20.0,Health,82.38773636258041,2022-12-30,2023-01-24,12,2022,25,-1009,2023-01
1363,1364,57.0,101500.0,539.7203156431702,Male,West,3.0,Toys,48.14312028120059,2021-12-16,2022-04-09,12,2021,114,-1299,2022-04
1364,1365,19.0,49400.0,1170.806645428979,Female,North,49.0,Toys,31.865475406735133,2021-05-03,2023-09-25,5,2021,875,-765,2023-09
1365,1366,37.0,40900.0,1441.9725361698172,Female,North,37.0,Health,78.0825712827134,2021-01-31,2021-08-29,1,2021,210,-1522,2021-08
1367,1368,54.0,115700.0,1207.202574887227,Male,West,44.0,Clothing,45.113989950104994,2021-06-02,2023-08-22,6,2021,811,-799,2023-08
1369,1370,34.0,71200.0,1037.631784447602,Female,East,23.0,Electronics,7.258964316911864,2021-10-13,2023-05-15,10,2021,579,-898,2023-05
1371,1372,28.0,96400.0,1678.1501982652544,Female,East,1.0,Electronics,52.88939665318434,2021-09-13,2021-11-23,9,2021,71,-1436,2021-11
1372,1373,32.0,103700.0,659.5195726901994,Male,East,33.0,Toys,41.74928523515995,2021-06-27,2023-05-15,6,2021,687,-898,2023-05
1377,1378,47.0,116100.0,256.67112170321406,Male,North,41.0,Toys,99.01503403850398,2021-01-21,2023-12-11,1,2021,1054,-688,2023-12
1378,1379,48.0,67400.0,476.0320648720976,Female,West,44.0,Health,29.791919431210637,2021-03-16,2023-06-01,3,2021,807,-881,2023-06
1383,1384,61.0,105200.0,114.8694584684008,Female,North,46.0,Health,13.483415145221167,2021-02-06,2021-03-17,2,2021,39,-1687,2021-03
1384,1385,67.0,37000.0,1898.070248477552,Male,West,9.0,Clothing,71.15058273781953,2021-04-30,2023-01-26,4,2021,636,-1007,2023-01
1388,1389,28.0,94100.0,1037.8822031170469,Female,West,20.0,Toys,98.35237217479629,2021-11-07,2022-01-02,11,2021,56,-1396,2022-01
1389,1390,26.0,81000.0,1563.143037263537,Female,West,4.0,Health,20.542325659526277,2021-07-27,2023-04-06,7,2021,618,-937,2023-04
1390,1391,51.0,53100.0,1054.5436816033653,Male,North,1.0,Electronics,10.281438623105355,2021-06-03,2022-11-01,6,2021,516,-1093,2022-11
1391,1392,29.0,100100.0,1289.2292181180023,Female,West,42.0,Electronics,31.256973352295716,2022-11-14,2023-11-14,11,2022,365,-715,2023-11
1395,1396,57.0,30300.0,1702.894061971473,Female,North,24.0,Electronics,20.249904960409506,2022-09-11,2023-03-29,9,2022,199,-945,2023-03
1397,1398,77.0,75900.0,1002.1645975128343,Female,South,35.0,Electronics,59.01667378127078,2022-06-04,2022-07-10,6,2022,36,-1207,2022-07
1398,1399,46.0,82600.0,0.0,Female,South,25.0,Electronics,33.23789398776207,2022-08-29,2023-07-18,8,2022,323,-834,2023-07
1399,1400,25.0,77200.0,994.342180493194,Female,West,9.0,Electronics,74.70540820893272,2021-04-07,2021-09-16,4,2021,162,-1504,2021-09
1402,1403,54.0,48200.0,802.9281750799086,Female,North,13.0,Toys,50.09618263593643,2021-01-12,2021-02-08,1,2021,27,-1724,2021-02
1403,1404,31.0,40200.0,1380.6361930079795,Male,East,3.0,Toys,33.11764141010678,2022-05-29,2022-10-27,5,2022,151,-1098,2022-10
1405,1406,47.0,56700.0,846.4354155320787,Female,South,4.0,Electronics,35.56333218073557,2021-01-07,2021-12-26,1,2021,353,-1403,2021-12
1409,1410,22.0,51900.0,255.66218289641927,Female,West,26.0,Health,38.649010605851466,2021-02-26,2021-09-14,2,2021,200,-1506,2021-09
1411,1412,76.0,44500.0,977.4287045649309,Female,West,24.0,Toys,13.93058666727579,2022-08-09,2022-09-02,8,2022,24,-1153,2022-09
1412,1413,31.0,71900.0,455.7783307735994,Male,West,43.0,Health,0.4640825498006928,2021-08-21,2023-06-24,8,2021,672,-858,2023-06
1413,1414,43.0,56100.0,522.8898116849819,Female,West,10.0,Toys,0.9544292582375212,2021-01-30,2021-06-13,1,2021,134,-1599,2021-06
1414,1415,79.0,74200.0,1757.8305140791394,Male,East,37.0,Electronics,38.0287889502852,2022-01-02,2022-09-07,1,2022,248,-1148,2022-09
1417,1418,62.0,81700.0,556.8616616935643,Female,North,42.0,Clothing,63.49140441376434,2021-01-10,2021-12-30,1,2021,354,-1399,2021-12
1418,1419,59.0,116700.0,1525.4498783801926,Male,East,39.0,Toys,51.92492375848865,2021-05-27,2023-11-11,5,2021,898,-718,2023-11
1419,1420,42.0,21500.0,1450.3745412378182,Female,North,19.0,Clothing,81.97931441705587,2021-12-30,2022-10-22,12,2021,296,-1103,2022-10
1421,1422,57.0,35200.0,1028.0881175847662,Female,West,12.0,Health,84.97407281453752,2021-09-10,2023-01-17,9,2021,494,-1016,2023-01
1423,1424,56.0,64900.0,1735.12952054578,Male,North,47.0,Clothing,18.271307356328386,2021-09-10,2023-07-19,9,2021,677,-833,2023-07
1425,1426,31.0,39700.0,848.3246988376409,Male,North,30.0,Toys,58.21631960983702,2021-12-06,2023-12-26,12,2021,750,-673,2023-12
1427,1428,68.0,32000.0,620.5002200209636,Male,South,12.0,Electronics,48.0812789296766,2021-12-19,2022-12-04,12,2021,350,-1060,2022-12
1431,1432,40.0,75300.0,875.8174978189263,Female,South,37.0,Health,63.01864391211986,2021-11-19,2022-03-11,11,2021,112,-1328,2022-03
1433,1434,50.0,52300.0,1498.2743451955237,Male,West,18.0,Electronics,27.930038921345623,2022-03-21,2022-06-08,3,2022,79,-1239,2022-06
1434,1435,42.0,64800.0,44.94087451813819,Male,North,44.0,Health,61.01948316486301,2021-04-05,2022-10-29,4,2021,572,-1096,2022-10
1435,1436,34.0,91400.0,1296.080421810776,Female,North,27.0,Clothing,40.69349746356621,2022-07-07,2023-11-13,7,2022,494,-716,2023-11
1439,1440,19.0,113600.0,1986.028062250156,Male,North,23.0,Electronics,39.33504265636626,2022-07-07,2023-07-23,7,2022,381,-829,2023-07
1441,1442,70.0,50500.0,467.1624718023161,Male,North,38.0,Health,4.8025387599913145,2021-04-26,2022-05-23,4,2021,392,-1255,2022-05
1443,1444,57.0,49400.0,1735.1410831299872,Male,East,25.0,Clothing,69.5071951934516,2021-08-25,2022-01-16,8,2021,144,-1382,2022-01
1444,1445,68.0,61000.0,899.4842168845785,Male,South,4.0,Health,79.20507904502912,2021-09-27,2023-04-05,9,2021,555,-938,2023-04
1445,1446,56.0,75400.0,291.3645495997478,Male,East,30.0,Health,19.02207040953133,2021-10-18,2023-10-27,10,2021,739,-733,2023-10
1448,1449,23.0,81300.0,1968.134600516384,Female,East,42.0,Health,90.68121500964484,2022-09-22,2023-11-26,9,2022,430,-703,2023-11
1453,1454,59.0,75700.0,1146.5867247221631,Male,West,24.0,Toys,64.3273993810296,2021-01-11,2023-12-15,1,2021,1068,-684,2023-12
1455,1456,32.0,70200.0,926.7671646892802,Female,East,35.0,Electronics,49.30154617009376,2021-11-23,2023-04-01,11,2021,494,-942,2023-04
1460,1461,47.0,41000.0,536.2033727830474,Female,East,7.0,Clothing,60.180689229887165,2021-12-11,2023-11-09,12,2021,698,-720,2023-11
1462,1463,44.0,108900.0,1449.9878753738196,Female,East,27.0,Electronics,58.25328304878139,2021-11-07,2022-04-12,11,2021,156,-1296,2022-04
1463,1464,53.0,47700.0,364.83025094288473,Female,West,48.0,Toys,8.885148507143082,2022-08-24,2023-06-16,8,2022,296,-866,2023-06
1467,1468,50.0,31400.0,73.62064466670108,Female,West,42.0,Toys,20.69531519486293,2021-01-04,2021-10-21,1,2021,290,-1469,2021-10
1468,1469,78.0,82600.0,909.5509537619608,Male,South,45.0,Clothing,33.53742848795249,2022-01-11,2023-07-11,1,2022,546,-841,2023-07
1469,1470,54.0,65700.0,606.9608777334232,Male,East,31.0,Health,36.859869518615895,2022-01-04,2022-04-13,1,2022,99,-1295,2022-04
1474,1475,21.0,107300.0,903.417466869139,Male,East,12.0,Electronics,1.297667065023922,2021-12-29,2022-03-27,12,2021,88,-1312,2022-03
1475,1476,39.0,51200.0,1116.8793846957597,Male,West,32.0,Health,77.052527930763,2021-08-04,2023-02-17,8,2021,562,-985,2023-02
1478,1479,22.0,69100.0,343.83651316977097,Male,East,20.0,Toys,54.09965214147301,2021-06-28,2023-08-15,6,2021,778,-806,2023-08
1482,1483,71.0,119000.0,1801.4912952495656,Female,East,13.0,Health,94.26461464796644,2021-03-19,2022-10-14,3,2021,574,-1111,2022-10
1483,1484,55.0,32000.0,1264.2457761291596,Female,North,14.0,Electronics,54.33698872439848,2021-10-20,2023-05-01,10,2021,558,-912,2023-05
1484,1485,30.0,46500.0,888.5250565032493,Female,East,44.0,Toys,15.065823198891826,2021-03-23,2022-07-06,3,2021,470,-1211,2022-07
1487,1488,53.0,81300.0,1534.2569594076767,Male,South,18.0,Clothing,80.73371707198082,2022-08-01,2023-10-31,8,2022,456,-729,2023-10
1488,1489,62.0,75900.0,545.804044064579,Female,East,48.0,Electronics,68.0421626425648,2021-04-06,2022-01-23,4,2021,292,-1375,2022-01
1489,1490,41.0,69500.0,1617.4116679045594,Female,North,29.0,Health,90.4727607422946,2021-05-25,2022-01-20,5,2021,240,-1378,2022-01
1492,1493,32.0,66200.0,188.83131639112125,Male,North,46.0,Health,60.94464071756721,2022-02-01,2022-04-19,2,2022,77,-1289,2022-04
1493,1494,46.0,27700.0,1735.0437435606784,Female,North,35.0,Health,12.467145516820178,2021-12-23,2022-09-08,12,2021,259,-1147,2022-09
1494,1495,25.0,80700.0,1008.3891728479944,Male,South,34.0,Health,7.846861174405473,2021-07-05,2023-08-20,7,2021,776,-801,2023-08
1495,1496,22.0,97300.0,607.1444274481188,Male,West,3.0,Health,44.82771458307305,2022-11-01,2023-03-03,11,2022,122,-971,2023-03
1497,1498,64.0,66500.0,875.380906682118,Female,South,5.0,Electronics,72.79023831125929,2021-05-31,2022-03-25,5,2021,298,-1314,2022-03
1500,1501,62.0,117700.0,224.36896478041925,Female,North,32.0,Clothing,23.51688695616866,2021-02-28,2023-07-21,2,2021,873,-831,2023-07
1501,1502,19.0,108400.0,1178.3696340629506,Male,West,31.0,Toys,84.32063915253954,2021-01-10,2021-09-26,1,2021,259,-1494,2021-09
1502,1503,44.0,75800.0,987.3140835517092,Male,East,2.0,Toys,85.31033749300259,2021-05-04,2022-09-10,5,2021,494,-1145,2022-09
1503,1504,48.0,99000.0,1057.9086167053483,Female,East,12.0,Clothing,73.27859723643944,2021-12-22,2023-02-12,12,2021,417,-990,2023-02
1505,1506,68.0,27100.0,548.9452583438856,Female,West,5.0,Clothing,86.77924547517239,2021-08-25,2022-06-10,8,2021,289,-1237,2022-06
1506,1507,53.0,94300.0,1823.1166908600992,Male,South,37.0,Health,16.329168199755905,2021-11-29,2023-06-07,11,2021,555,-875,2023-06
1510,1511,44.0,43100.0,1293.3466181833437,Female,East,4.0,Toys,25.066203471146707,2021-01-23,2021-09-17,1,2021,237,-1503,2021-09
1511,1512,22.0,53000.0,645.1719369183935,Male,East,21.0,Health,85.81783863106291,2022-04-04,2022-10-05,4,2022,184,-1120,2022-10
1513,1514,28.0,95500.0,455.32667361057423,Female,East,44.0,Clothing,59.49302374008253,2022-06-05,2023-12-19,6,2022,562,-680,2023-12
1517,1518,55.0,56100.0,785.6589709751747,Male,North,24.0,Health,81.56933772444657,2022-02-07,2022-03-31,2,2022,52,-1308,2022-03
1519,1520,25.0,36300.0,1939.591980824233,Female,West,10.0,Electronics,84.86879268829328,2022-04-02,2023-06-18,4,2022,442,-864,2023-06
1520,1521,40.0,26000.0,918.7737501151558,Female,West,49.0,Health,16.921590013949128,2022-04-28,2023-06-22,4,2022,420,-860,2023-06
1521,1522,64.0,67600.0,1023.859247883828,Female,West,49.0,Electronics,70.58866182279601,2022-05-13,2023-10-30,5,2022,535,-730,2023-10
1522,1523,43.0,55100.0,1152.9004843318642,Male,North,2.0,Electronics,14.650334050541858,2021-01-27,2021-08-20,1,2021,205,-1531,2021-08
1523,1524,63.0,96800.0,1866.0493204347476,Male,East,31.0,Electronics,78.50980089510253,2022-02-01,2022-09-03,2,2022,214,-1152,2022-09
1524,1525,60.0,47100.0,1719.249446134519,Male,South,25.0,Health,24.51260044545075,2021-07-07,2022-12-31,7,2021,542,-1033,2022-12
1525,1526,29.0,64800.0,357.79022675085577,Female,West,4.0,Health,73.7817727586946,2021-05-20,2023-08-23,5,2021,825,-798,2023-08
1526,1527,43.0,67200.0,884.7804793372085,Male,North,11.0,Toys,45.50016185279725,2022-06-05,2023-06-01,6,2022,361,-881,2023-06
1527,1528,30.0,104800.0,938.720847828924,Male,West,17.0,Clothing,98.62634645527724,2021-04-02,2021-11-14,4,2021,226,-1445,2021-11
1530,1531,35.0,84900.0,1315.3565148174457,Female,South,6.0,Electronics,36.81635138512874,2022-10-29,2023-12-16,10,2022,413,-683,2023-12
1531,1532,42.0,64700.0,1996.435817177923,Male,East,9.0,Health,73.45201578474331,2022-12-31,2023-12-09,12,2022,343,-690,2023-12
1532,1533,50.0,104600.0,168.42088607062587,Female,East,5.0,Health,49.4885641104835,2022-10-24,2023-11-06,10,2022,378,-723,2023-11
1533,1534,64.0,108600.0,461.55945059679135,Male,East,20.0,Electronics,1.8066635095864148,2021-03-29,2023-06-03,3,2021,796,-879,2023-06
1536,1537,60.0,51500.0,62.8582114670275,Male,West,9.0,Toys,23.680177006045067,2021-04-05,2023-11-23,4,2021,962,-706,2023-11
1537,1538,29.0,63400.0,201.7196608129281,Male,South,28.0,Clothing,22.10637550851846,2021-09-10,2022-02-23,9,2021,166,-1344,2022-02
1538,1539,61.0,87500.0,1368.287516979081,Female,North,8.0,Health,60.88861831192705,2022-07-05,2022-07-05,7,2022,0,-1212,2022-07
1539,1540,53.0,64300.0,1761.06243745787,Male,North,31.0,Electronics,81.7979276425494,2022-02-03,2022-09-18,2,2022,227,-1137,2022-09
1541,1542,21.0,116300.0,1087.5983374369932,Male,South,27.0,Electronics,93.22626512430392,2021-08-31,2023-06-01,8,2021,639,-881,2023-06
1542,1543,22.0,57900.0,525.0849970081113,Male,South,8.0,Health,92.7387356681549,2021-04-20,2022-12-21,4,2021,610,-1043,2022-12
1543,1544,73.0,58500.0,1540.3951999947485,Female,South,21.0,Electronics,20.05366719079333,2022-09-16,2023-08-02,9,2022,320,-819,2023-08
1545,1546,25.0,63600.0,1184.9640646509602,Male,West,23.0,Electronics,70.05988109481615,2022-12-02,2023-03-20,12,2022,108,-954,2023-03
1547,1548,66.0,20500.0,212.0960721094371,Female,West,3.0,Electronics,70.98826887763147,2022-07-18,2023-05-17,7,2022,303,-896,2023-05
1548,1549,45.0,113500.0,147.19238019710926,Male,West,5.0,Electronics,44.4900049820538,2021-06-11,2022-07-25,6,2021,409,-1192,2022-07
1550,1551,75.0,113400.0,1653.569931902744,Male,East,7.0,Electronics,46.10098488396211,2021-02-06,2022-09-24,2,2021,595,-1131,2022-09
1551,1552,26.0,44300.0,1719.4942549262312,Female,South,4.0,Clothing,60.67677919705544,2022-09-15,2023-03-20,9,2022,186,-954,2023-03
1553,1554,68.0,92100.0,1572.8571726272994,Female,East,5.0,Clothing,51.02578212000898,2021-06-26,2022-07-28,6,2021,397,-1189,2022-07
1554,1555,46.0,112500.0,1894.8227887552268,Female,West,11.0,Toys,13.021412832870594,2022-06-05,2023-11-30,6,2022,543,-699,2023-11
1555,1556,31.0,67200.0,564.8368227263746,Male,North,15.0,Clothing,45.21881045125864,2021-10-02,2023-11-30,10,2021,789,-699,2023-11
1556,1557,57.0,74200.0,807.9614858338992,Female,North,34.0,Toys,9.0775818929554,2022-09-25,2023-05-20,9,2022,237,-893,2023-05
1557,1558,58.0,34000.0,1864.328405341428,Male,East,13.0,Electronics,4.90887499489906,2021-04-15,2023-01-16,4,2021,641,-1017,2023-01
1560,1561,40.0,79300.0,1962.4688272638425,Female,East,40.0,Health,57.51553291279333,2021-01-26,2023-08-17,1,2021,933,-804,2023-08
1564,1565,38.0,93500.0,1405.0778300787372,Female,North,22.0,Toys,14.367643635477023,2021-03-10,2022-01-04,3,2021,300,-1394,2022-01
1566,1567,63.0,96300.0,133.04678905772855,Male,East,28.0,Toys,87.7159802018011,2021-05-31,2021-09-04,5,2021,96,-1516,2021-09
1569,1570,40.0,107200.0,223.00781249104676,Female,North,3.0,Health,80.50721608281025,2021-11-16,2023-01-20,11,2021,430,-1013,2023-01
1573,1574,72.0,58900.0,1946.131529279759,Female,West,26.0,Health,23.72817485967193,2021-04-22,2022-08-01,4,2021,466,-1185,2022-08
1579,1580,26.0,45400.0,1154.0658552510718,Male,South,34.0,Health,19.92264426559749,2022-04-25,2022-09-30,4,2022,158,-1125,2022-09
1580,1581,70.0,23700.0,291.7097503014047,Female,North,5.0,Electronics,90.74710268385046,2021-01-04,2023-08-16,1,2021,954,-805,2023-08
1583,1584,69.0,114900.0,903.3755277851956,Female,North,43.0,Health,17.780323811008124,2021-01-27,2022-06-09,1,2021,498,-1238,2022-06
1584,1585,74.0,34200.0,1349.8872573758397,Female,North,1.0,Electronics,86.1784846537704,2021-02-11,2023-01-13,2,2021,701,-1020,2023-01
1586,1587,43.0,88500.0,523.4331387580825,Male,North,15.0,Electronics,87.82066742268435,2021-03-05,2022-02-03,3,2021,335,-1364,2022-02
1587,1588,58.0,75800.0,1269.4777986750369,Female,East,26.0,Health,15.170364465152042,2021-01-25,2021-12-03,1,2021,312,-1426,2021-12
1588,1589,52.0,70100.0,69.46848291806191,Male,South,18.0,Health,76.2036551307826,2021-03-13,2021-04-29,3,2021,47,-1644,2021-04
1590,1591,42.0,28800.0,1037.7662723554895,Female,East,9.0,Health,54.293338739296246,2021-09-25,2022-08-03,9,2021,312,-1183,2022-08
1591,1592,43.0,105200.0,1219.3923864314502,Female,West,1.0,Health,81.0587344410973,2021-04-05,2021-11-01,4,2021,210,-1458,2021-11
1594,1595,19.0,96300.0,1173.4168793326571,Female,South,23.0,Health,38.10621467855661,2021-11-11,2023-11-10,11,2021,729,-719,2023-11
1595,1596,24.0,56200.0,1373.9006377619517,Male,West,43.0,Toys,58.9923178273815,2021-04-27,2022-09-15,4,2021,506,-1140,2022-09
1598,1599,51.0,108900.0,1741.840586309878,Male,East,14.0,Toys,48.57413566168543,2021-11-02,2023-06-02,11,2021,577,-880,2023-06
1599,1600,44.0,76800.0,395.0979976714575,Female,West,38.0,Electronics,96.0741821728669,2021-07-19,2022-06-08,7,2021,324,-1239,2022-06
1600,1601,34.0,41600.0,814.2729795937591,Male,East,40.0,Clothing,47.36018014946845,2021-06-29,2021-08-05,6,2021,37,-1546,2021-08
1601,1602,60.0,51400.0,1896.636210708625,Female,West,18.0,Health,25.28294451955403,2021-12-24,2023-09-17,12,2021,632,-773,2023-09
1602,1603,76.0,65300.0,805.2493372849328,Female,North,16.0,Electronics,35.10762387432382,2021-09-09,2022-01-10,9,2021,123,-1388,2022-01
1604,1605,76.0,107900.0,1060.3813501971156,Female,North,44.0,Clothing,95.48830387675504,2022-03-06,2023-02-15,3,2022,346,-987,2023-02
1608,1609,42.0,104400.0,1091.898024024341,Female,East,14.0,Electronics,18.268893490734182,2021-09-11,2021-11-01,9,2021,51,-1458,2021-11
1609,1610,24.0,42700.0,582.4356103000495,Male,North,2.0,Health,12.322101207046456,2022-10-27,2023-02-05,10,2022,101,-997,2023-02
1612,1613,70.0,89200.0,892.6633013468418,Male,West,11.0,Electronics,87.8116722105682,2021-04-06,2023-10-26,4,2021,933,-734,2023-10
1613,1614,41.0,101100.0,535.5981554000587,Male,South,22.0,Clothing,80.90863158033444,2021-06-16,2022-07-12,6,2021,391,-1205,2022-07
1614,1615,50.0,56800.0,1680.0312834225365,Female,South,3.0,Clothing,56.78213805004708,2021-11-27,2022-05-24,11,2021,178,-1254,2022-05
1615,1616,66.0,39800.0,1436.929019604136,Female,North,31.0,Toys,99.8723254537714,2021-03-03,2023-08-29,3,2021,909,-792,2023-08
1621,1622,67.0,40100.0,625.5107523416547,Female,North,37.0,Toys,15.774367288552726,2021-08-27,2022-05-19,8,2021,265,-1259,2022-05
1622,1623,38.0,63500.0,1523.2931797208505,Female,North,27.0,Health,39.8451304246189,2022-02-19,2022-11-25,2,2022,279,-1069,2022-11
1623,1624,66.0,94700.0,1247.1007518933006,Female,North,38.0,Toys,94.26481084327509,2022-11-06,2023-08-17,11,2022,284,-804,2023-08
1627,1628,58.0,101100.0,670.5698528099426,Female,North,12.0,Clothing,60.236417412747215,2021-07-16,2022-04-28,7,2021,286,-1280,2022-04
1628,1629,66.0,105900.0,1212.4674787069694,Male,South,3.0,Clothing,19.380424246791584,2022-09-26,2023-10-25,9,2022,394,-735,2023-10
1629,1630,37.0,103600.0,658.2031524494613,Male,West,30.0,Health,19.658658758196022,2022-02-17,2022-09-19,2,2022,214,-1136,2022-09
1631,1632,39.0,32300.0,160.1670433021254,Female,East,23.0,Clothing,24.3281072862212,2021-02-23,2021-12-17,2,2021,297,-1412,2021-12
1632,1633,45.0,88400.0,1327.5687397437343,Female,North,2.0,Health,83.8192034783584,2022-10-09,2022-10-11,10,2022,2,-1114,2022-10
1633,1634,78.0,43900.0,1622.2057112403477,Female,North,7.0,Toys,47.03238255459795,2021-12-05,2023-06-20,12,2021,562,-862,2023-06
1636,1637,24.0,45300.0,1901.6078871976388,Female,West,39.0,Clothing,77.38257968923308,2021-04-10,2022-03-01,4,2021,325,-1338,2022-03
1637,1638,18.0,75900.0,613.8782098001659,Male,North,32.0,Electronics,88.06608784415548,2021-08-22,2022-04-09,8,2021,230,-1299,2022-04
1638,1639,49.0,87800.0,57.952417299456,Male,West,43.0,Health,26.112746155908027,2022-06-28,2022-12-25,6,2022,180,-1039,2022-12
1639,1640,30.0,105700.0,875.3389554976129,Female,South,43.0,Clothing,9.509666934911396,2021-03-03,2023-03-05,3,2021,732,-969,2023-03
1641,1642,40.0,73600.0,1908.7947700022892,Female,East,3.0,Toys,79.28035347662441,2022-06-26,2022-06-27,6,2022,1,-1220,2022-06
1643,1644,76.0,48500.0,1582.0755074187814,Female,East,32.0,Health,13.191465841072292,2021-10-22,2022-07-18,10,2021,269,-1199,2022-07
1645,1646,36.0,119000.0,451.1032213722084,Male,North,36.0,Toys,51.4235482853053,2022-03-27,2023-11-28,3,2022,611,-701,2023-11
1648,1649,47.0,40400.0,977.4776796936576,Male,South,3.0,Toys,17.603280108000074,2022-02-10,2022-03-20,2,2022,38,-1319,2022-03
1653,1654,47.0,95800.0,432.0499485008181,Male,East,3.0,Health,40.145382030377206,2022-01-10,2022-03-10,1,2022,59,-1329,2022-03
1655,1656,57.0,86700.0,521.6912096820822,Female,West,10.0,Electronics,50.91083323914359,2022-03-31,2023-04-02,3,2022,367,-941,2023-04
1656,1657,36.0,83900.0,1792.2515871404532,Male,South,9.0,Toys,70.89568037628477,2021-07-21,2023-03-27,7,2021,614,-947,2023-03
1658,1659,18.0,71400.0,714.539693560418,Female,East,46.0,Electronics,80.24027817219871,2021-07-06,2021-09-08,7,2021,64,-1512,2021-09
1659,1660,31.0,83300.0,1668.7336177718516,Male,East,11.0,Electronics,62.93625638701175,2022-08-31,2023-05-19,8,2022,261,-894,2023-05
1661,1662,64.0,44800.0,1825.0331691427816,Female,North,36.0,Clothing,69.67822735646749,2022-01-03,2023-06-15,1,2022,528,-867,2023-06
1663,1664,19.0,118200.0,347.53190121425047,Male,South,27.0,Clothing,5.235445018579876,2021-09-19,2023-05-23,9,2021,611,-890,2023-05
1666,1667,66.0,29300.0,1814.152321532409,Female,West,26.0,Toys,72.69322966314722,2022-07-05,2022-09-25,7,2022,82,-1130,2022-09
1667,1668,67.0,106200.0,129.781566693606,Male,East,22.0,Toys,72.4205822695949,2021-11-02,2021-12-28,11,2021,56,-1401,2021-12
1668,1669,47.0,54700.0,1669.4078426033184,Male,West,5.0,Toys,27.014708049410952,2022-12-27,2023-11-20,12,2022,328,-709,2023-11
1669,1670,55.0,111400.0,926.4537664672292,Male,East,35.0,Health,54.24417088818328,2022-09-30,2023-07-08,9,2022,281,-844,2023-07
1671,1672,21.0,84800.0,1759.9181168803211,Male,South,35.0,Clothing,85.61435980700195,2022-09-13,2022-09-29,9,2022,16,-1126,2022-09
1672,1673,18.0,63400.0,409.4011201328084,Female,South,9.0,Toys,30.439435255199665,2021-03-29,2023-01-17,3,2021,659,-1016,2023-01
1673,1674,25.0,84600.0,1895.6539988517325,Female,South,49.0,Health,30.10458656978904,2021-07-19,2022-11-14,7,2021,483,-1080,2022-11
1674,1675,46.0,54600.0,427.13054564469536,Female,South,18.0,Health,48.35772911480591,2021-09-28,2023-09-30,9,2021,732,-760,2023-09
1677,1678,20.0,83100.0,1100.4239566378967,Female,South,3.0,Toys,62.69719088061033,2021-07-17,2021-08-03,7,2021,17,-1548,2021-08
1678,1679,49.0,98600.0,1374.2707572319798,Male,West,18.0,Health,1.149246963353756,2021-01-23,2021-04-28,1,2021,95,-1645,2021-04
1680,1681,27.0,22900.0,1051.3538497473448,Female,South,7.0,Toys,74.0052996675785,2021-08-11,2023-06-10,8,2021,668,-872,2023-06
1683,1684,51.0,42700.0,1640.2494789970997,Male,West,18.0,Clothing,56.63996947604685,2021-09-23,2023-04-09,9,2021,563,-934,2023-04
1685,1686,50.0,96100.0,1157.6727511527215,Female,West,22.0,Electronics,49.23951254805192,2021-03-18,2022-05-04,3,2021,412,-1274,2022-05
1686,1687,40.0,86700.0,1039.272785167606,Male,West,39.0,Electronics,95.15298364183003,2022-06-28,2022-08-02,6,2022,35,-1184,2022-08
1688,1689,45.0,100100.0,232.30034053280517,Female,West,35.0,Health,91.56170920738992,2021-03-06,2021-06-17,3,2021,103,-1595,2021-06
1689,1690,49.0,109400.0,858.4943783136789,Female,North,23.0,Electronics,25.85303612677231,2021-12-23,2023-08-19,12,2021,604,-802,2023-08
1690,1691,67.0,63000.0,915.686183229009,Male,East,12.0,Electronics,10.272337368685204,2021-01-18,2021-07-19,1,2021,182,-1563,2021-07
1691,1692,24.0,83900.0,1472.612823921608,Male,South,24.0,Toys,43.91044474069674,2022-11-07,2023-05-14,11,2022,188,-899,2023-05
1692,1693,46.0,65700.0,1683.237287202983,Male,West,40.0,Health,61.49172424160594,2022-07-20,2023-01-24,7,2022,188,-1009,2023-01
1693,1694,25.0,27900.0,1099.0649106380356,Male,North,9.0,Health,23.098987319995224,2022-07-29,2023-11-03,7,2022,462,-726,2023-11
1694,1695,18.0,81900.0,191.83024904868117,Male,East,13.0,Toys,55.57962411442978,2022-03-12,2023-02-13,3,2022,338,-989,2023-02
1696,1697,72.0,22200.0,346.5693731684075,Male,East,42.0,Clothing,25.70849658037228,2021-01-09,2021-03-12,1,2021,62,-1692,2021-03
1699,1700,40.0,28300.0,474.1991342656764,Female,North,17.0,Electronics,52.97684675304802,2021-12-14,2023-03-23,12,2021,464,-951,2023-03
1702,1703,25.0,40700.0,54.986688694959085,Female,South,35.0,Clothing,99.4482882452134,2021-06-24,2023-09-15,6,2021,813,-775,2023-09
1704,1705,74.0,62400.0,360.9510092587935,Female,East,19.0,Clothing,82.44615590929388,2021-05-10,2021-05-25,5,2021,15,-1618,2021-05
1706,1707,-5.0,114400.0,1030.8301173717125,Male,West,21.0,Health,85.28053137029477,2021-10-20,2021-12-10,10,2021,51,-1419,2021-12
1708,1709,68.0,33900.0,861.0710162178889,Female,East,46.0,Health,22.255370972767096,2021-12-19,2023-07-15,12,2021,573,-837,2023-07
1709,1710,50.0,80400.0,696.662707805336,Female,North,45.0,Health,48.74111778902902,2021-08-12,2022-09-01,8,2021,385,-1154,2022-09
1713,1714,51.0,83400.0,1377.5904635450947,Female,South,42.0,Health,12.76023083151414,2022-01-03,2022-06-26,1,2022,174,-1221,2022-06
1715,1716,49.0,65100.0,280.97752319542514,Female,West,18.0,Toys,16.723378336607542,2022-08-13,2023-06-19,8,2022,310,-863,2023-06
1716,1717,41.0,67000.0,1776.3446340049843,Male,East,19.0,Toys,58.60059530346196,2022-10-14,2023-12-23,10,2022,435,-676,2023-12
1717,1718,31.0,100600.0,564.5490495258396,Female,North,5.0,Toys,91.7541081596636,2022-05-15,2023-11-22,5,2022,556,-707,2023-11
1718,1719,49.0,111600.0,462.7529871894762,Male,East,25.0,Clothing,25.511138716643835,2021-03-31,2022-07-17,3,2021,473,-1200,2022-07
1720,1721,63.0,34300.0,1637.8720563501872,Male,South,10.0,Electronics,17.577251004746074,2021-03-13,2023-10-19,3,2021,950,-741,2023-10
1724,1725,69.0,67100.0,175.03730754952383,Male,North,31.0,Health,65.51818136768675,2021-09-20,2023-11-09,9,2021,780,-720,2023-11
1725,1726,54.0,40000.0,1155.3950142042088,Male,East,32.0,Clothing,57.91279167555102,2021-09-28,2021-12-23,9,2021,86,-1406,2021-12
1726,1727,71.0,30800.0,214.722944748622,Female,South,21.0,Clothing,14.00004827007425,2022-05-24,2023-08-17,5,2022,450,-804,2023-08
1728,1729,31.0,105000.0,1882.1844530557607,Female,East,18.0,Electronics,67.13910048249883,2022-09-09,2022-10-28,9,2022,49,-1097,2022-10
1731,1732,65.0,47100.0,1255.7445716903958,Female,South,8.0,Clothing,81.3611515346117,2021-03-15,2022-05-07,3,2021,418,-1271,2022-05
1733,1734,24.0,27500.0,1753.8565526204898,Male,East,15.0,Clothing,40.82518041651354,2022-05-18,2023-09-14,5,2022,484,-776,2023-09
1735,1736,24.0,63900.0,27.33076552818536,Male,South,36.0,Toys,2.818405234511689,2021-05-26,2023-02-19,5,2021,634,-983,2023-02
1736,1737,50.0,37000.0,341.8711877442019,Male,West,1.0,Toys,44.98958559880934,2021-02-15,2021-05-17,2,2021,91,-1626,2021-05
1737,1738,40.0,57800.0,712.0551463154081,Female,South,21.0,Health,65.13715524132326,2021-04-15,2021-08-14,4,2021,121,-1537,2021-08
1739,1740,36.0,77200.0,1586.898579863314,Female,West,1.0,Clothing,26.74553827743703,2021-11-13,2023-03-23,11,2021,495,-951,2023-03
1740,1741,65.0,57600.0,1367.5101189548989,Male,North,32.0,Clothing,51.359127636929045,2021-05-01,2022-03-21,5,2021,324,-1318,2022-03
1743,1744,53.0,23900.0,209.20702583750372,Male,East,36.0,Clothing,27.40207174024077,2021-04-09,2021-09-24,4,2021,168,-1496,2021-09
1745,1746,77.0,100500.0,1872.1411524080977,Female,North,30.0,Toys,17.33610124719337,2021-11-07,2023-07-17,11,2021,617,-835,2023-07
1746,1747,35.0,54200.0,1960.0110000542572,Male,West,7.0,Electronics,90.4979833786364,2021-08-02,2021-08-02,8,2021,0,-1549,2021-08
1749,1750,64.0,105100.0,111.46903673922507,Female,West,10.0,Clothing,37.61817904859518,2022-01-24,2023-12-01,1,2022,676,-698,2023-12
1750,1751,22.0,97200.0,1167.6015202770946,Female,East,8.0,Clothing,74.32782589171941,2022-11-28,2022-12-18,11,2022,20,-1046,2022-12
1751,1752,37.0,73500.0,1826.9579532285584,Female,East,27.0,Electronics,45.62885985520006,2021-04-22,2021-05-23,4,2021,31,-1620,2021-05
1753,1754,59.0,77800.0,33.94497095580088,Female,North,14.0,Clothing,91.9876727675241,2021-04-12,2022-07-19,4,2021,463,-1198,2022-07
1755,1756,20.0,110500.0,172.05545488773333,Male,West,11.0,Toys,20.34951005403113,2021-01-22,2021-02-02,1,2021,11,-1730,2021-02
1758,1759,29.0,97800.0,488.8592192032367,Female,West,33.0,Clothing,20.602199968160782,2022-02-04,2022-11-19,2,2022,288,-1075,2022-11
1761,1762,54.0,115800.0,1267.746668076342,Female,West,24.0,Toys,57.29932782532223,2021-05-23,2023-04-30,5,2021,707,-913,2023-04
1763,1764,47.0,80200.0,701.7299059735194,Male,East,35.0,Health,85.90181543707683,2022-06-20,2023-04-25,6,2022,309,-918,2023-04
1765,1766,51.0,46600.0,1474.0130699638855,Female,West,37.0,Toys,5.055570953738975,2021-08-28,2022-09-27,8,2021,395,-1128,2022-09
1766,1767,70.0,42500.0,1053.0321693294263,Male,West,19.0,Clothing,61.00794401312446,2021-10-19,2023-10-29,10,2021,740,-731,2023-10
1767,1768,61.0,113600.0,442.1437841504874,Male,North,24.0,Clothing,62.6256081132298,2021-03-23,2022-02-07,3,2021,321,-1360,2022-02
1768,1769,52.0,71100.0,1567.8233982294237,Female,East,34.0,Toys,87.81908440759933,2022-07-14,2023-07-17,7,2022,368,-835,2023-07
1769,1770,69.0,77700.0,423.4358619828886,Male,West,22.0,Clothing,62.90571745218257,2021-06-20,2022-09-19,6,2021,456,-1136,2022-09
1770,1771,75.0,81000.0,536.1100765692145,Female,North,4.0,Electronics,22.77145385157423,2022-08-03,2022-09-09,8,2022,37,-1146,2022-09
1771,1772,39.0,55600.0,203.2065376461039,Female,West,10.0,Health,46.85162277036509,2022-06-10,2023-09-08,6,2022,455,-782,2023-09
1773,1774,41.0,43100.0,849.4798633960895,Male,West,8.0,Electronics,92.28249645983716,2021-04-20,2023-12-13,4,2021,967,-686,2023-12
1774,1775,34.0,45800.0,1038.8323448896308,Male,North,33.0,Electronics,23.691511896670917,2021-07-31,2021-09-04,7,2021,35,-1516,2021-09
1778,1779,76.0,109300.0,127.60923473034096,Male,South,10.0,Clothing,9.011412074950108,2021-03-25,2022-07-02,3,2021,464,-1215,2022-07
1779,1780,63.0,106600.0,56.69184251677991,Male,West,45.0,Toys,94.17280699504742,2022-01-11,2023-06-10,1,2022,515,-872,2023-06
1782,1783,34.0,105800.0,1460.4046144330634,Male,East,3.0,Health,99.82951741819063,2021-09-13,2021-10-31,9,2021,48,-1459,2021-10
1786,1787,31.0,110500.0,976.606598219689,Female,West,10.0,Clothing,57.593816741179005,2021-04-10,2022-08-26,4,2021,503,-1160,2022-08
1787,1788,26.0,22800.0,145.10253178324848,Male,East,12.0,Clothing,63.969637836656105,2021-05-09,2023-07-11,5,2021,793,-841,2023-07
1788,1789,57.0,38400.0,1230.0602159582677,Male,North,18.0,Health,40.76710895171374,2021-08-07,2023-08-29,8,2021,752,-792,2023-08
1791,1792,42.0,65100.0,1510.6380006809402,Male,North,1.0,Clothing,47.66196381514484,2021-01-22,2021-05-11,1,2021,109,-1632,2021-05
1795,1796,39.0,67200.0,613.7510515192486,Male,West,49.0,Clothing,19.25216409376017,2021-11-25,2023-07-23,11,2021,605,-829,2023-07
1797,1798,63.0,117100.0,1277.1608656331327,Female,East,17.0,Health,2.0994070851453883,2022-04-25,2022-10-06,4,2022,164,-1119,2022-10
1799,1800,43.0,28800.0,702.6441384617508,Male,North,32.0,Toys,78.14446038844386,2021-06-28,2023-03-23,6,2021,633,-951,2023-03
1802,1803,62.0,89100.0,1630.9454504673647,Female,North,40.0,Clothing,92.1540943196774,2021-02-18,2023-03-05,2,2021,745,-969,2023-03
1804,1805,40.0,47200.0,512.6181862312328,Male,East,7.0,Clothing,16.313987622788297,2021-03-26,2023-11-03,3,2021,952,-726,2023-11
1807,1808,23.0,107600.0,1261.0056284460993,Female,South,39.0,Health,77.5477743005945,2021-11-25,2023-12-11,11,2021,746,-688,2023-12
1808,1809,35.0,108500.0,77.02633748210702,Female,West,27.0,Health,32.41212723323197,2022-09-02,2023-02-20,9,2022,171,-982,2023-02
1809,1810,38.0,99000.0,1294.5652165233928,Female,West,8.0,Electronics,8.763581778273489,2022-03-10,2022-11-12,3,2022,247,-1082,2022-11
1810,1811,59.0,53000.0,568.7458167092525,Male,West,9.0,Clothing,61.63800261488341,2022-08-11,2023-07-22,8,2022,345,-830,2023-07
1811,1812,53.0,31200.0,910.3604148237656,Female,West,28.0,Electronics,25.681916580565236,2022-11-18,2023-05-11,11,2022,174,-902,2023-05
1813,1814,55.0,51900.0,362.0583773674956,Female,North,2.0,Clothing,94.1803359600977,2021-05-14,2021-10-27,5,2021,166,-1463,2021-10
1815,1816,34.0,62800.0,1766.3115991784027,Female,West,47.0,Electronics,92.38344364233642,2021-12-31,2023-09-05,12,2021,613,-785,2023-09
1817,1818,42.0,97700.0,400.8457990447519,Male,West,22.0,Health,63.33513372887707,2022-03-01,2023-03-11,3,2022,375,-963,2023-03
1818,1819,55.0,53900.0,1440.3980926446873,Female,East,10.0,Health,89.38899739469642,2022-02-19,2022-06-18,2,2022,119,-1229,2022-06
1820,1821,29.0,115200.0,699.8880233576537,Female,North,7.0,Clothing,61.48986770271042,2022-05-27,2023-07-20,5,2022,419,-832,2023-07
1822,1823,70.0,40600.0,1385.786669679475,Female,East,14.0,Toys,88.2107757188253,2022-01-23,2023-08-24,1,2022,578,-797,2023-08
1824,1825,39.0,27300.0,1271.5978413929895,Female,North,46.0,Health,33.685938217608694,2022-07-18,2023-01-24,7,2022,190,-1009,2023-01
1827,1828,74.0,39500.0,415.2650391666367,Male,West,16.0,Electronics,95.60079245162014,2021-11-02,2023-10-14,11,2021,711,-746,2023-10
1828,1829,48.0,111200.0,1506.0774442324005,Female,East,16.0,Electronics,12.038046466512476,2022-07-11,2023-02-10,7,2022,214,-992,2023-02
1831,1832,57.0,53000.0,1758.397197349325,Male,East,38.0,Toys,29.57719013825927,2022-03-16,2023-06-30,3,2022,471,-852,2023-06
1834,1835,62.0,33100.0,778.1479677937467,Male,North,39.0,Electronics,27.559593477064904,2021-02-02,2022-06-07,2,2021,490,-1240,2022-06
1835,1836,74.0,86300.0,372.21043629430926,Female,West,48.0,Health,69.35264272259883,2022-02-16,2023-08-18,2,2022,548,-803,2023-08
1836,1837,70.0,104500.0,716.4058204643916,Female,East,41.0,Health,42.60361627395617,2022-09-18,2023-06-29,9,2022,284,-853,2023-06
1838,1839,27.0,41700.0,157.22939061582375,Male,South,13.0,Electronics,91.72955966148854,2022-05-23,2023-10-09,5,2022,504,-751,2023-10
1845,1846,75.0,56200.0,1408.2655555339738,Female,East,22.0,Health,31.027783577566023,2021-09-27,2022-01-06,9,2021,101,-1392,2022-01
1846,1847,63.0,61600.0,130.34141168794926,Female,North,37.0,Clothing,64.78087980219112,2021-07-15,2023-09-08,7,2021,785,-782,2023-09
1847,1848,19.0,45700.0,1825.2211397164328,Female,North,49.0,Toys,6.121150698897937,2022-02-17,2022-11-30,2,2022,286,-1064,2022-11
1849,1850,71.0,20200.0,1024.6317348686111,Female,South,19.0,Electronics,13.387296911274516,2021-03-20,2022-10-27,3,2021,586,-1098,2022-10
1851,1852,18.0,55000.0,278.7318082182595,Male,East,29.0,Toys,38.06630043099653,2021-03-24,2023-01-02,3,2021,649,-1031,2023-01
1852,1853,68.0,73400.0,596.178791338033,Female,East,23.0,Electronics,52.757219321945925,2021-05-17,2021-07-11,5,2021,55,-1571,2021-07
1853,1854,70.0,32200.0,1740.5390279413746,Female,North,33.0,Electronics,2.931760877878597,2022-06-23,2023-04-16,6,2022,297,-927,2023-04
1854,1855,53.0,95300.0,1810.816566893738,Male,East,41.0,Toys,5.826431354105233,2022-11-20,2023-12-07,11,2022,382,-692,2023-12
1856,1857,43.0,105100.0,1196.3900551255515,Female,East,5.0,Electronics,76.6770545141332,2021-11-02,2022-12-28,11,2021,421,-1036,2022-12
1858,1859,38.0,54000.0,1245.1190252660604,Male,East,6.0,Toys,73.70186364578602,2022-01-23,2022-11-27,1,2022,308,-1067,2022-11
1861,1862,28.0,61400.0,515.6737294151444,Male,West,49.0,Clothing,18.174758268909365,2022-05-21,2023-12-06,5,2022,564,-693,2023-12
1866,1867,57.0,24200.0,1281.4300599323367,Female,South,37.0,Electronics,80.55734528147534,2022-03-05,2023-02-16,3,2022,348,-986,2023-02
1871,1872,64.0,65900.0,928.2361290217256,Female,West,43.0,Health,81.32531573450204,2021-01-14,2021-09-20,1,2021,249,-1500,2021-09
1872,1873,41.0,99800.0,379.6302153200673,Female,East,8.0,Clothing,65.016918158767,2021-02-23,2023-11-21,2,2021,1001,-708,2023-11
1875,1876,22.0,104900.0,947.2351710836426,Female,East,45.0,Health,32.02586645129828,2022-01-07,2022-04-25,1,2022,108,-1283,2022-04
1876,1877,73.0,105900.0,1709.1937803822684,Male,East,29.0,Electronics,92.42715234919126,2022-05-18,2023-05-17,5,2022,364,-896,2023-05
1878,1879,75.0,76200.0,1866.5523708572143,Female,West,28.0,Electronics,31.803118408646213,2021-04-06,2022-12-09,4,2021,612,-1055,2022-12
1880,1881,64.0,30600.0,776.4666873718928,Male,North,17.0,Toys,27.132304764609174,2021-09-17,2023-11-17,9,2021,791,-712,2023-11
1883,1884,52.0,20400.0,730.3364088021222,Male,South,9.0,Toys,49.17740638486221,2021-05-07,2021-11-27,5,2021,204,-1432,2021-11
1886,1887,34.0,33800.0,871.0924460914476,Male,North,49.0,Electronics,26.18505314084142,2021-09-25,2022-09-05,9,2021,345,-1150,2022-09
1889,1890,62.0,72900.0,1929.6866855472315,Female,West,30.0,Health,30.501864885946816,2021-04-04,2022-04-17,4,2021,378,-1291,2022-04
1895,1896,70.0,36900.0,218.9059483683175,Male,North,26.0,Health,15.697839513065617,2022-01-02,2022-12-03,1,2022,335,-1061,2022-12
1896,1897,26.0,47800.0,1028.1327718139532,Female,North,1.0,Electronics,68.21401728913017,2022-09-12,2023-04-18,9,2022,218,-925,2023-04
1898,1899,57.0,84900.0,825.6588941534432,Male,East,38.0,Health,18.111204951673976,2022-02-14,2023-02-21,2,2022,372,-981,2023-02
1903,1904,60.0,63600.0,1694.3713414163544,Male,East,1.0,Clothing,49.39188341688355,2022-11-03,2023-06-02,11,2022,211,-880,2023-06
1906,1907,42.0,31300.0,429.4593985674053,Female,West,48.0,Toys,0.4360503341518607,2021-09-29,2023-07-25,9,2021,664,-827,2023-07
1911,1912,54.0,57400.0,612.9262933898242,Male,North,25.0,Toys,36.7531947928117,2021-12-11,2022-07-27,12,2021,228,-1190,2022-07
1913,1914,61.0,92900.0,1995.9953620053557,Male,North,12.0,Electronics,74.14517680393581,2021-03-08,2022-11-14,3,2021,616,-1080,2022-11
1915,1916,47.0,107100.0,827.7168803683253,Female,East,25.0,Toys,93.67135596314982,2021-02-12,2023-04-17,2,2021,794,-926,2023-04
1918,1919,29.0,112100.0,1489.2044547219252,Male,East,29.0,Toys,60.97114892418672,2021-08-22,2022-08-28,8,2021,371,-1158,2022-08
1919,1920,36.0,117600.0,82.39582530277895,Male,West,11.0,Toys,59.48770094341834,2021-07-18,2022-04-10,7,2021,266,-1298,2022-04
1920,1921,54.0,36600.0,260.7784135091531,Female,North,4.0,Clothing,51.00983336748071,2022-05-12,2022-11-22,5,2022,194,-1072,2022-11
1921,1922,61.0,87000.0,1273.508550462552,Female,North,14.0,Clothing,0.4353191494264496,2021-02-01,2023-10-08,2,2021,979,-752,2023-10
1922,1923,76.0,39600.0,1800.0674856459782,Female,West,46.0,Electronics,55.52382299059985,2021-09-21,2023-10-11,9,2021,750,-749,2023-10
1923,1924,76.0,30900.0,1255.0125776534394,Female,East,38.0,Health,93.2798056872979,2021-04-23,2021-06-12,4,2021,50,-1600,2021-06
1924,1925,66.0,92600.0,285.3692907516037,Female,North,17.0,Electronics,33.45776891128629,2022-04-04,2022-11-30,4,2022,240,-1064,2022-11
1925,1926,78.0,43700.0,249.2048915677228,Male,South,2.0,Electronics,96.75991933202504,2021-10-03,2021-10-22,10,2021,19,-1468,2021-10
1926,1927,34.0,20900.0,1691.4880737316817,Female,East,8.0,Clothing,35.675667919769424,2021-05-26,2022-08-02,5,2021,433,-1184,2022-08
1927,1928,27.0,51900.0,295.8186306416703,Female,West,36.0,Clothing,13.985450251781783,2021-12-23,2022-12-02,12,2021,344,-1062,2022-12
1928,1929,74.0,105100.0,1050.0592817979702,Male,East,10.0,Health,39.84034149271385,2021-01-06,2021-10-29,1,2021,296,-1461,2021-10
1930,1931,66.0,102000.0,179.7261394345312,Female,South,36.0,Health,62.94644101765912,2022-05-09,2022-10-31,5,2022,175,-1094,2022-10
1931,1932,64.0,106800.0,1351.2495699328724,Female,North,16.0,Toys,50.48781620223341,2021-04-18,2021-07-14,4,2021,87,-1568,2021-07
1933,1934,79.0,97800.0,696.1094250847159,Male,East,16.0,Clothing,2.406703835760537,2021-12-06,2021-12-17,12,2021,11,-1412,2021-12
1936,1937,36.0,110600.0,449.8643943503829,Male,North,4.0,Clothing,98.7088537881449,2021-11-23,2023-06-03,11,2021,557,-879,2023-06
1938,1939,48.0,66200.0,1937.053504908553,Male,West,6.0,Electronics,89.65788488242853,2021-05-23,2023-06-17,5,2021,755,-865,2023-06
1941,1942,40.0,65300.0,382.128245075964,Male,South,1.0,Clothing,24.76173990609444,2022-09-24,2023-01-15,9,2022,113,-1018,2023-01
1942,1943,54.0,95300.0,1143.5375518859946,Female,East,40.0,Electronics,27.2828384914298,2022-11-11,2022-11-29,11,2022,18,-1065,2022-11
1943,1944,71.0,108300.0,766.4752696783144,Male,East,3.0,Health,97.82485938889842,2021-08-05,2023-07-20,8,2021,714,-832,2023-07
1944,1945,33.0,110300.0,1930.5586309736152,Female,South,1.0,Health,67.42915055672371,2022-03-10,2022-10-16,3,2022,220,-1109,2022-10
1945,1946,23.0,43000.0,561.6132174238351,Male,East,1.0,Health,93.1680995620966,2022-12-30,2023-06-21,12,2022,173,-861,2023-06
1950,1951,29.0,114800.0,530.4014066439028,Male,West,32.0,Electronics,66.62630261917867,2021-02-24,2021-10-24,2,2021,242,-1466,2021-10
1952,1953,76.0,74900.0,48.45844451999973,Female,North,48.0,Clothing,40.81251342079371,2022-03-24,2022-09-13,3,2022,173,-1142,2022-09
1953,1954,43.0,118600.0,118.0350068105412,Male,North,22.0,Health,59.26158115981464,2021-02-04,2023-08-31,2,2021,938,-790,2023-08
1954,1955,58.0,75400.0,1206.7300025288894,Male,South,30.0,Electronics,3.592846505585712,2021-04-29,2023-05-31,4,2021,762,-882,2023-05
1957,1958,64.0,115600.0,1808.317567631116,Female,East,23.0,Electronics,49.236772758532986,2022-05-29,2022-11-10,5,2022,165,-1084,2022-11
1959,1960,27.0,46000.0,1639.928250633047,Female,North,25.0,Electronics,20.19051205151908,2022-02-26,2022-04-12,2,2022,45,-1296,2022-04
1960,1961,33.0,82200.0,1341.3170623420328,Male,North,12.0,Toys,79.4343343985438,2022-06-01,2023-11-25,6,2022,542,-704,2023-11
1961,1962,24.0,22000.0,268.65256336611816,Female,West,17.0,Electronics,35.88782880375289,2022-11-17,2023-01-19,11,2022,63,-1014,2023-01
1963,1964,40.0,107800.0,436.1800980633158,Female,West,10.0,Health,99.37148082595792,2022-12-06,2023-01-10,12,2022,35,-1023,2023-01
1964,1965,43.0,48300.0,660.4168530983897,Male,North,35.0,Health,91.6000542595843,2022-10-12,2023-07-20,10,2022,281,-832,2023-07
1965,1966,38.0,79800.0,1642.083739962792,Male,North,29.0,Health,8.487674481614393,2022-09-20,2023-12-28,9,2022,464,-671,2023-12
1966,1967,39.0,65900.0,1082.3207046190275,Female,West,12.0,Clothing,33.31831554960269,2021-02-13,2021-05-11,2,2021,87,-1632,2021-05
1969,1970,31.0,99700.0,1223.4013084416367,Female,East,10.0,Toys,91.11835893074296,2021-09-15,2022-11-18,9,2021,429,-1076,2022-11
1970,1971,32.0,61200.0,185.906125645558,Female,East,18.0,Clothing,57.25531936410988,2022-05-28,2023-04-11,5,2022,318,-932,2023-04
1971,1972,70.0,91300.0,1293.2607672092588,Female,South,47.0,Electronics,48.03975881875302,2022-01-12,2022-10-28,1,2022,289,-1097,2022-10
1973,1974,26.0,96400.0,1178.163170077869,Male,North,49.0,Toys,83.94715423230991,2022-04-15,2023-05-25,4,2022,405,-888,2023-05
1974,1975,68.0,108300.0,547.1383729676443,Male,West,8.0,Electronics,74.51415484204786,2021-04-13,2021-10-12,4,2021,182,-1478,2021-10
1975,1976,65.0,24200.0,82.0584843405561,Male,East,22.0,Health,5.88766030154122,2021-05-29,2023-04-03,5,2021,674,-940,2023-04
1976,1977,25.0,110300.0,256.5087902492858,Male,North,22.0,Clothing,20.941458959528536,2021-03-25,2022-07-18,3,2021,480,-1199,2022-07
1978,1979,76.0,80800.0,1870.1520293481767,Male,West,26.0,Toys,68.44024020646387,2021-06-24,2022-07-01,6,2021,372,-1216,2022-07
1984,1985,69.0,101900.0,1633.730327018773,Female,South,14.0,Toys,71.58195730387541,2021-10-25,2021-11-04,10,2021,10,-1455,2021-11
1985,1986,56.0,88200.0,536.1368123263753,Female,North,33.0,Clothing,73.71069804033034,2021-05-15,2023-12-31,5,2021,960,-668,2023-12
1986,1987,52.0,84700.0,607.8534350507251,Female,East,7.0,Toys,79.39953108692825,2021-02-24,2021-11-03,2,2021,252,-1456,2021-11
1987,1988,35.0,81900.0,21.242482924343214,Male,West,24.0,Electronics,35.657304264406,2021-02-25,2022-07-22,2,2021,512,-1195,2022-07
1989,1990,59.0,47000.0,1836.7388913007628,Male,West,11.0,Electronics,97.84133943229372,2022-08-11,2023-10-27,8,2022,442,-733,2023-10
1992,1993,31.0,39300.0,906.055721605026,Male,North,2.0,Toys,71.63597857109747,2021-12-21,2023-08-16,12,2021,603,-805,2023-08
1993,1994,48.0,101800.0,221.74567286367457,Male,East,15.0,Electronics,90.07947002628694,2021-05-12,2021-08-05,5,2021,85,-1546,2021-08
1996,1997,61.0,23900.0,1922.442245818773,Female,South,28.0,Toys,91.92962153289052,2021-04-20,2023-05-14,4,2021,754,-899,2023-05
1997,1998,77.0,32400.0,1807.6786863956568,Male,North,39.0,Toys,94.62329004445272,2022-08-05,2023-05-24,8,2022,292,-889,2023-05
1999,2000,51.0,65800.0,211.3483566464454,Male,North,4.0,Toys,37.45509634032975,2021-10-23,2022-08-17,10,2021,298,-1169,2022-08
2000,2001,20.0,57000.0,562.8447945911543,Male,North,10.0,Electronics,28.278180560302925,2021-06-28,2022-12-05,6,2021,525,-1059,2022-12
2001,2002,54.0,74400.0,653.7123192328761,Female,West,6.0,Health,49.87515410909684,2021-07-16,2023-07-14,7,2021,728,-838,2023-07
2002,2003,60.0,71800.0,1531.0371143362113,Male,South,30.0,Toys,93.45311515910517,2021-04-11,2022-07-07,4,2021,452,-1210,2022-07
2003,2004,57.0,38700.0,1608.4533748855258,Female,South,46.0,Toys,14.980962742445548,2022-07-27,2023-02-22,7,2022,210,-980,2023-02
2006,2007,40.0,94900.0,108.12789776681925,Male,West,43.0,Toys,34.9119270144252,2022-02-17,2023-09-11,2,2022,571,-779,2023-09
2007,2008,61.0,22700.0,592.4907024691468,Male,North,10.0,Clothing,76.80814070435372,2022-12-19,2023-10-06,12,2022,291,-754,2023-10
2008,2009,56.0,62200.0,913.5446508117273,Female,West,32.0,Clothing,38.9259786241102,2022-07-20,2022-08-10,7,2022,21,-1176,2022-08
2010,2011,73.0,75600.0,917.4695722949424,Male,South,42.0,Health,98.10023499572084,2021-04-14,2023-06-26,4,2021,803,-856,2023-06
2011,2012,66.0,82300.0,1709.2881082704448,Male,West,3.0,Health,38.78220105752783,2021-05-06,2023-08-14,5,2021,830,-807,2023-08
2012,2013,21.0,35500.0,1171.0156190556056,Male,North,26.0,Toys,84.50986545742005,2022-06-30,2023-01-13,6,2022,197,-1020,2023-01
2014,2015,39.0,23000.0,399.5092112839432,Male,East,17.0,Toys,98.38301430112544,2021-09-27,2022-08-11,9,2021,318,-1175,2022-08
2016,2017,30.0,21900.0,735.7445566471879,Male,South,18.0,Toys,48.576112054915,2021-04-28,2022-04-08,4,2021,345,-1300,2022-04
2017,2018,35.0,113100.0,730.2794987012755,Male,South,19.0,Electronics,30.340156164300204,2021-04-02,2021-04-04,4,2021,2,-1669,2021-04
2020,2021,62.0,61300.0,1597.7859091468583,Female,East,5.0,Clothing,20.051859006430877,2021-03-28,2022-04-14,3,2021,382,-1294,2022-04
2022,2023,61.0,80300.0,1614.8232404203618,Male,North,27.0,Toys,53.63085347542523,2021-05-04,2023-05-18,5,2021,744,-895,2023-05
2024,2025,19.0,98900.0,129.757318103643,Male,North,30.0,Toys,81.0582433810541,2021-02-01,2023-12-04,2,2021,1036,-695,2023-12
2025,2026,72.0,102800.0,1117.2915489894865,Female,East,15.0,Toys,32.24711128461346,2021-12-23,2023-08-13,12,2021,598,-808,2023-08
2032,2033,30.0,33000.0,1064.9688893661662,Male,West,41.0,Health,88.94114309537065,2021-04-10,2022-05-15,4,2021,400,-1263,2022-05
2033,2034,30.0,44400.0,1123.733114983928,Female,East,32.0,Electronics,91.36080238811446,2021-09-01,2023-04-08,9,2021,584,-935,2023-04
2034,2035,35.0,51000.0,1957.0949992009505,Male,West,4.0,Toys,46.07004381371572,2021-02-27,2021-07-08,2,2021,131,-1574,2021-07
2035,2036,49.0,94000.0,1550.8720296589786,Male,East,5.0,Health,80.67817123525782,2021-12-23,2022-04-05,12,2021,103,-1303,2022-04
2037,2038,52.0,102300.0,1561.288245427172,Female,North,22.0,Health,85.82645485117469,2021-11-16,2021-12-17,11,2021,31,-1412,2021-12
2038,2039,76.0,104100.0,357.6653368184872,Male,South,42.0,Toys,82.46818841667168,2021-01-19,2022-08-04,1,2021,562,-1182,2022-08
2041,2042,69.0,71000.0,1385.374469755795,Male,South,46.0,Health,63.999890359674815,2021-05-16,2022-09-12,5,2021,484,-1143,2022-09
2042,2043,46.0,27700.0,1757.0732776622106,Male,South,30.0,Health,0.085729068821605,2021-10-23,2023-11-11,10,2021,749,-718,2023-11
2044,2045,66.0,114600.0,182.38126759221151,Male,East,16.0,Toys,40.65675749007108,2021-04-11,2023-08-02,4,2021,843,-819,2023-08
2046,2047,79.0,114900.0,1351.276478705745,Male,East,5.0,Health,19.480407979302093,2021-06-04,2022-04-28,6,2021,328,-1280,2022-04
2048,2049,61.0,22500.0,570.6620917565308,Female,South,23.0,Clothing,81.0619866279359,2022-08-23,2023-05-09,8,2022,259,-904,2023-05
2049,2050,74.0,110100.0,385.1816773568446,Male,North,10.0,Clothing,58.58923457197282,2021-04-15,2023-07-31,4,2021,837,-821,2023-07
2052,2053,61.0,86400.0,1467.4004912961766,Female,West,15.0,Clothing,23.765781152713807,2021-05-08,2021-12-12,5,2021,218,-1417,2021-12
2053,2054,64.0,64900.0,171.71235594456138,Female,South,18.0,Toys,43.581284110915405,2022-02-05,2022-06-25,2,2022,140,-1222,2022-06
2057,2058,42.0,24100.0,586.458045621896,Female,South,21.0,Toys,94.24999298728906,2022-07-04,2023-03-30,7,2022,269,-944,2023-03
2058,2059,56.0,30500.0,1451.0819785013753,Male,North,2.0,Toys,98.45374591343786,2021-05-04,2023-11-26,5,2021,936,-703,2023-11
2060,2061,22.0,113900.0,1835.8120233502304,Female,South,8.0,Electronics,33.51934351720487,2021-03-05,2021-12-17,3,2021,287,-1412,2021-12
2062,2063,47.0,110500.0,935.9684004488172,Female,West,32.0,Electronics,83.4228823368969,2021-04-12,2021-11-30,4,2021,232,-1429,2021-11
2064,2065,20.0,21200.0,1372.9861980029052,Female,South,4.0,Health,62.12617559255493,2021-10-04,2022-10-29,10,2021,390,-1096,2022-10
2065,2066,62.0,83000.0,383.4569461495271,Male,East,30.0,Health,53.991086573500624,2021-08-15,2021-10-23,8,2021,69,-1467,2021-10
2066,2067,31.0,115700.0,1645.4200429537404,Female,East,19.0,Clothing,71.02535838407161,2021-01-23,2021-02-14,1,2021,22,-1718,2021-02
2068,2069,47.0,80200.0,394.1916067429268,Female,South,18.0,Toys,13.74933545300323,2021-03-05,2021-06-24,3,2021,111,-1588,2021-06
2069,2070,67.0,108100.0,577.958753785055,Female,West,29.0,Toys,1.762000272971398,2021-06-06,2023-10-01,6,2021,847,-759,2023-10
2071,2072,35.0,25100.0,1048.029809714851,Female,North,33.0,Toys,90.78344287914372,2021-05-29,2021-12-07,5,2021,192,-1422,2021-12
2073,2074,54.0,30500.0,264.6616450551208,Female,North,18.0,Health,19.595682113562308,2022-11-12,2023-01-28,11,2022,77,-1005,2023-01
2074,2075,42.0,93800.0,264.9078842152462,Male,West,44.0,Health,92.60427462471073,2022-04-09,2022-07-04,4,2022,86,-1213,2022-07
2078,2079,63.0,103200.0,88.60840543175381,Female,West,1.0,Toys,70.09093819546891,2021-05-12,2022-04-24,5,2021,347,-1284,2022-04
2079,2080,32.0,106400.0,271.90527613528127,Male,South,39.0,Toys,42.20686381374128,2021-07-16,2022-03-10,7,2021,237,-1329,2022-03
2081,2082,32.0,32700.0,997.2164459871168,Male,South,39.0,Toys,74.14399520442691,2021-02-04,2022-11-24,2,2021,658,-1070,2022-11
2082,2083,66.0,54400.0,918.074163038046,Male,East,19.0,Electronics,4.006056326058294,2022-02-24,2023-09-18,2,2022,571,-772,2023-09
2083,2084,74.0,78700.0,95.33737305398002,Female,East,31.0,Health,67.62468120618401,2022-01-12,2023-07-11,1,2022,545,-841,2023-07
2086,2087,29.0,46200.0,420.1202534513112,Male,East,5.0,Health,96.66226101597636,2022-11-28,2023-03-12,11,2022,104,-962,2023-03
2089,2090,54.0,25300.0,1677.5806891061509,Female,West,1.0,Clothing,14.135737488837874,2021-12-08,2022-06-17,12,2021,191,-1230,2022-06
2090,2091,78.0,27700.0,1733.2832272180283,Female,South,33.0,Health,6.645652595713402,2022-02-20,2022-08-15,2,2022,176,-1171,2022-08
2091,2092,54.0,63400.0,1213.63583318336,Male,South,33.0,Toys,43.27798722589024,2022-04-01,2023-04-19,4,2022,383,-924,2023-04
2092,2093,60.0,35000.0,1460.5221259156824,Female,North,32.0,Electronics,68.98820108350104,2021-10-24,2022-07-03,10,2021,252,-1214,2022-07
2093,2094,77.0,96200.0,248.0084590576833,Male,East,28.0,Electronics,56.77611222977269,2021-11-27,2023-11-04,11,2021,707,-725,2023-11
2095,2096,56.0,117100.0,1340.59209290462,Male,West,41.0,Clothing,81.8112546774591,2022-11-11,2023-05-26,11,2022,196,-887,2023-05
2096,2097,73.0,21100.0,417.4114289693086,Male,North,12.0,Toys,79.4427472183747,2021-12-05,2022-11-09,12,2021,339,-1085,2022-11
2097,2098,63.0,30200.0,1762.7063711623127,Male,West,9.0,Clothing,73.19420550777613,2021-10-25,2022-10-24,10,2021,364,-1101,2022-10
2098,2099,41.0,102600.0,406.0935402916192,Male,West,11.0,Clothing,7.7032248153761085,2022-11-08,2022-11-15,11,2022,7,-1079,2022-11
2099,2100,28.0,116100.0,640.6851724959719,Male,South,33.0,Health,79.64696278956436,2021-11-08,2021-12-02,11,2021,24,-1427,2021-12
2101,2102,30.0,110700.0,1283.933128958847,Male,East,42.0,Health,5.944208829091647,2021-02-24,2023-05-21,2,2021,816,-892,2023-05
2104,2105,24.0,109200.0,1701.9395712585394,Male,East,31.0,Health,59.92388584682836,2021-04-15,2022-10-05,4,2021,538,-1120,2022-10
2106,2107,21.0,49100.0,953.2171523280354,Female,East,19.0,Toys,17.744614746874355,2021-10-21,2023-08-26,10,2021,674,-795,2023-08
2109,2110,37.0,102300.0,253.65193270636223,Male,South,10.0,Electronics,12.744305557012304,2022-03-26,2022-06-05,3,2022,71,-1242,2022-06
2113,2114,68.0,111900.0,819.1792726343963,Male,South,30.0,Electronics,97.36483661436228,2022-01-25,2023-09-25,1,2022,608,-765,2023-09
2114,2115,62.0,112800.0,1987.284782182053,Male,North,11.0,Electronics,46.95770484256961,2021-07-31,2022-05-12,7,2021,285,-1266,2022-05
2120,2121,43.0,24500.0,1366.343985976965,Male,North,15.0,Health,11.162680851354068,2022-12-22,2023-02-18,12,2022,58,-984,2023-02
2123,2124,75.0,104000.0,1991.3257380529592,Female,West,33.0,Clothing,35.49232709728912,2021-05-21,2022-04-14,5,2021,328,-1294,2022-04
2125,2126,73.0,63500.0,997.0903961842978,Female,North,41.0,Clothing,81.89633680274763,2021-06-02,2022-06-16,6,2021,379,-1231,2022-06
2126,2127,23.0,113900.0,1847.884497466144,Female,North,45.0,Clothing,36.31033206095512,2022-12-27,2023-09-15,12,2022,262,-775,2023-09
2127,2128,22.0,58600.0,51.386647619115074,Male,North,40.0,Toys,19.43209733839072,2021-11-04,2022-07-16,11,2021,254,-1201,2022-07
2129,2130,71.0,111500.0,1779.7181032913495,Male,North,21.0,Health,21.455420764279097,2021-11-13,2022-01-04,11,2021,52,-1394,2022-01
2131,2132,40.0,93300.0,911.1270574232012,Male,West,35.0,Toys,66.82893861376992,2021-10-23,2021-12-10,10,2021,48,-1419,2021-12
2136,2137,75.0,27400.0,930.7637059626396,Male,West,16.0,Electronics,22.808776834724263,2021-07-27,2023-12-17,7,2021,873,-682,2023-12
2137,2138,66.0,99100.0,573.0921808475878,Female,West,31.0,Electronics,2.390535249779624,2022-07-06,2022-11-17,7,2022,134,-1077,2022-11
2147,2148,20.0,88900.0,1008.2351430530608,Male,South,42.0,Electronics,14.703000921514608,2021-04-16,2022-03-10,4,2021,328,-1329,2022-03
2149,2150,52.0,45400.0,791.2417313719092,Male,North,6.0,Electronics,22.437833393018547,2021-12-25,2023-10-21,12,2021,665,-739,2023-10
2151,2152,30.0,33300.0,51.0778930806337,Male,South,24.0,Electronics,98.33675603649452,2022-09-10,2023-06-03,9,2022,266,-879,2023-06
2152,2153,73.0,96800.0,732.9972689485843,Female,West,49.0,Electronics,2.549138902976744,2022-01-30,2023-02-17,1,2022,383,-985,2023-02
2153,2154,78.0,116000.0,197.8478162626974,Male,East,28.0,Electronics,69.0020137315282,2021-02-04,2022-05-07,2,2021,457,-1271,2022-05
2155,2156,42.0,87200.0,203.182909942527,Male,South,1.0,Electronics,6.6408643869294455,2021-09-30,2023-03-24,9,2021,540,-950,2023-03
2159,2160,54.0,45500.0,24.324602857352566,Male,East,48.0,Toys,99.4543892090604,2022-09-13,2023-06-27,9,2022,287,-855,2023-06
2160,2161,51.0,55600.0,1284.5718195184024,Female,West,8.0,Electronics,44.237716763021226,2021-11-02,2022-12-16,11,2021,409,-1048,2022-12
2161,2162,28.0,38500.0,299.6625220925835,Male,North,1.0,Clothing,18.75977517713744,2022-09-18,2023-08-02,9,2022,318,-819,2023-08
2163,2164,73.0,51200.0,205.39312880058588,Female,South,43.0,Clothing,92.64922163672986,2022-04-07,2022-06-30,4,2022,84,-1217,2022-06
2166,2167,45.0,67500.0,22.510792292670686,Male,North,10.0,Electronics,33.469969451916846,2021-07-28,2021-09-16,7,2021,50,-1504,2021-09
2168,2169,26.0,36000.0,1052.9893667064982,Male,South,41.0,Health,20.12993485600898,2022-06-23,2023-04-05,6,2022,286,-938,2023-04
2172,2173,29.0,22200.0,977.707829830652,Male,West,40.0,Toys,82.82830451682473,2021-05-28,2023-06-18,5,2021,751,-864,2023-06
2174,2175,26.0,55100.0,1582.111345391155,Male,North,5.0,Electronics,68.38230274535032,2021-03-24,2023-03-09,3,2021,715,-965,2023-03
2181,2182,51.0,34400.0,550.5266452115587,Male,South,36.0,Clothing,42.51028007285617,2021-07-07,2022-09-28,7,2021,448,-1127,2022-09
2185,2186,55.0,22600.0,1565.5339971254612,Female,South,5.0,Clothing,56.125382079450105,2022-05-22,2023-08-17,5,2022,452,-804,2023-08
2186,2187,25.0,68600.0,735.9824904822713,Female,North,19.0,Health,12.579699243794584,2021-05-13,2022-05-16,5,2021,368,-1262,2022-05
2189,2190,65.0,86800.0,770.9811156205382,Female,South,5.0,Health,15.55653971088704,2021-03-14,2023-08-28,3,2021,897,-793,2023-08
2190,2191,43.0,101300.0,113.50525545961456,Female,West,12.0,Electronics,17.23929227470097,2022-03-12,2022-05-30,3,2022,79,-1248,2022-05
2191,2192,35.0,81800.0,369.3507455312936,Male,West,19.0,Clothing,51.24386744880165,2021-10-20,2021-12-30,10,2021,71,-1399,2021-12
2192,2193,23.0,104800.0,1912.688281328601,Male,North,47.0,Electronics,77.28813870417251,2022-10-17,2023-02-16,10,2022,122,-986,2023-02
2193,2194,54.0,31100.0,159.40261755697804,Male,South,12.0,Toys,21.907933566752945,2022-03-13,2023-02-13,3,2022,337,-989,2023-02
2195,2196,65.0,43500.0,1016.2947507616624,Male,West,12.0,Toys,54.55342765826151,2022-10-23,2023-03-05,10,2022,133,-969,2023-03
2203,2204,62.0,112500.0,850.5733404778431,Male,West,49.0,Toys,20.66610072307156,2022-09-30,2023-03-27,9,2022,178,-947,2023-03
2206,2207,46.0,110100.0,446.7154579445823,Male,West,45.0,Clothing,82.08317903747576,2021-09-23,2022-06-25,9,2021,275,-1222,2022-06
2207,2208,68.0,36400.0,457.72167457170383,Female,East,5.0,Electronics,57.71304505217814,2021-10-10,2023-07-19,10,2021,647,-833,2023-07
2208,2209,75.0,27000.0,1463.8376780316892,Female,South,25.0,Clothing,22.25848371654308,2022-02-01,2022-11-30,2,2022,302,-1064,2022-11
2212,2213,51.0,113500.0,391.3039013660899,Female,North,33.0,Health,34.27340273637572,2021-11-15,2023-11-09,11,2021,724,-720,2023-11
2214,2215,44.0,113800.0,201.0240123461843,Male,North,37.0,Clothing,90.37325356861923,2021-07-12,2022-11-02,7,2021,478,-1092,2022-11
2217,2218,50.0,52200.0,588.5862349585037,Male,South,11.0,Electronics,1.408128550487853,2021-07-01,2022-04-06,7,2021,279,-1302,2022-04
2221,2222,33.0,56500.0,93.69897504727174,Male,West,21.0,Electronics,53.166247286447934,2021-07-22,2023-09-30,7,2021,800,-760,2023-09
2222,2223,57.0,106500.0,1836.8493785985625,Female,East,20.0,Electronics,35.26165997261374,2022-02-06,2023-02-27,2,2022,386,-975,2023-02
2225,2226,76.0,64100.0,1767.9898621034176,Male,West,47.0,Health,53.46126742964312,2022-10-08,2022-10-18,10,2022,10,-1107,2022-10
2226,2227,76.0,34000.0,956.5213755223424,Female,East,36.0,Toys,88.83219266485685,2021-06-28,2023-09-24,6,2021,818,-766,2023-09
2228,2229,58.0,98600.0,397.3405721040438,Female,East,47.0,Toys,73.91028574658924,2021-01-18,2023-01-06,1,2021,718,-1027,2023-01
2233,2234,70.0,92700.0,695.0766472523673,Female,South,6.0,Electronics,41.6988603283505,2022-01-28,2023-11-15,1,2022,656,-714,2023-11
2234,2235,59.0,61500.0,1801.0352748906937,Female,South,37.0,Electronics,76.42872318372163,2021-10-27,2022-08-29,10,2021,306,-1157,2022-08
2235,2236,53.0,109100.0,1882.94221455614,Male,North,2.0,Toys,39.49749995445172,2021-12-17,2023-10-11,12,2021,663,-749,2023-10
2236,2237,44.0,41200.0,1348.3124762637738,Female,West,12.0,Toys,65.01792222182672,2021-07-06,2023-05-12,7,2021,675,-901,2023-05
2239,2240,24.0,64000.0,1674.3696445965409,Male,South,13.0,Toys,79.75145596054767,2022-02-13,2023-10-08,2,2022,602,-752,2023-10
2241,2242,60.0,66400.0,1554.661964671456,Female,West,31.0,Clothing,25.610706046045607,2021-11-23,2022-08-16,11,2021,266,-1170,2022-08
2242,2243,62.0,112400.0,1251.4347328382842,Male,North,16.0,Clothing,22.244616775986504,2021-07-31,2023-06-11,7,2021,680,-871,2023-06
2244,2245,74.0,67900.0,1701.9504051356514,Female,East,26.0,Clothing,73.71240728133968,2021-04-18,2022-12-08,4,2021,599,-1056,2022-12
2245,2246,68.0,117500.0,1091.5834562271707,Female,North,28.0,Health,88.75092610569176,2021-06-26,2023-12-02,6,2021,889,-697,2023-12
2246,2247,48.0,69300.0,1611.642574772669,Male,South,1.0,Health,23.06484741852892,2022-03-03,2023-01-27,3,2022,330,-1006,2023-01
2249,2250,27.0,23500.0,780.2150776302274,Male,East,37.0,Health,65.78472389213587,2021-09-05,2023-07-16,9,2021,679,-836,2023-07
2252,2253,70.0,28400.0,222.94273179464136,Male,East,36.0,Electronics,74.43049656751953,2022-12-14,2023-11-17,12,2022,338,-712,2023-11
2255,2256,48.0,105000.0,619.8314324223662,Male,South,22.0,Health,29.79492602355025,2021-11-07,2022-12-16,11,2021,404,-1048,2022-12
2256,2257,35.0,56400.0,1494.3020124068903,Male,South,44.0,Clothing,97.8248351872617,2022-01-18,2022-04-02,1,2022,74,-1306,2022-04
2258,2259,19.0,100300.0,1441.3837494928184,Female,West,20.0,Health,11.09317432642898,2021-05-01,2023-04-19,5,2021,718,-924,2023-04
2259,2260,31.0,28700.0,1985.398585936683,Male,South,36.0,Clothing,75.08306250943679,2022-02-11,2022-10-16,2,2022,247,-1109,2022-10
2260,2261,30.0,111100.0,1402.7091831332173,Female,East,33.0,Toys,70.23096566511981,2021-09-02,2022-10-26,9,2021,419,-1099,2022-10
2261,2262,46.0,50100.0,601.7130518955685,Male,West,15.0,Toys,81.11693472424643,2021-03-07,2023-02-04,3,2021,699,-998,2023-02
2262,2263,29.0,25700.0,1350.6640302006165,Female,South,46.0,Electronics,34.35904217333049,2021-08-16,2023-12-27,8,2021,863,-672,2023-12
2264,2265,19.0,22000.0,756.019429540592,Female,East,29.0,Clothing,11.948142837307884,2021-07-13,2022-05-25,7,2021,316,-1253,2022-05
2267,2268,63.0,32300.0,62.96618864557241,Male,West,5.0,Toys,79.73244634002505,2022-10-19,2023-04-18,10,2022,181,-925,2023-04
2268,2269,44.0,85800.0,1269.752394558941,Male,South,31.0,Clothing,67.29823072736481,2022-05-04,2023-09-29,5,2022,513,-761,2023-09
2270,2271,58.0,30800.0,1139.8949849411258,Female,East,35.0,Toys,25.625361419433546,2021-12-20,2022-11-17,12,2021,332,-1077,2022-11
2272,2273,57.0,49000.0,46.75701176624149,Female,East,6.0,Health,33.750557844747256,2022-07-10,2022-08-29,7,2022,50,-1157,2022-08
2273,2274,48.0,90500.0,738.4743176503048,Male,East,26.0,Clothing,46.001976775474965,2021-06-06,2023-12-12,6,2021,919,-687,2023-12
2275,2276,77.0,96700.0,1700.240972759584,Female,South,19.0,Health,64.5971954946431,2021-01-16,2021-12-05,1,2021,323,-1424,2021-12
2276,2277,41.0,57200.0,1779.511385396304,Female,North,7.0,Electronics,94.7344902931878,2021-03-19,2022-01-09,3,2021,296,-1389,2022-01
2277,2278,62.0,104700.0,978.022940665782,Female,North,36.0,Health,10.039591905286104,2021-02-21,2022-08-03,2,2021,528,-1183,2022-08
2278,2279,52.0,91700.0,1462.2765248528876,Male,North,12.0,Health,33.63401228791364,2022-05-29,2022-06-01,5,2022,3,-1246,2022-06
2281,2282,36.0,81800.0,405.0377679809813,Male,West,25.0,Toys,49.54516914414063,2021-05-12,2022-07-24,5,2021,438,-1193,2022-07
2286,2287,49.0,111000.0,1421.3513510586884,Female,North,41.0,Clothing,75.34955614805585,2022-02-14,2023-01-19,2,2022,339,-1014,2023-01
2289,2290,77.0,32900.0,864.0694804587833,Male,West,1.0,Electronics,5.890866106566605,2021-02-20,2023-03-16,2,2021,754,-958,2023-03
2290,2291,32.0,59100.0,895.8242069394266,Female,West,41.0,Clothing,57.87178554398685,2021-04-05,2021-06-19,4,2021,75,-1593,2021-06
2294,2295,39.0,60200.0,1745.547312679629,Female,East,15.0,Health,30.58315291184129,2021-12-21,2022-03-27,12,2021,96,-1312,2022-03
2296,2297,37.0,50700.0,1958.260721117401,Female,North,22.0,Clothing,21.91998033894046,2021-07-24,2023-02-19,7,2021,575,-983,2023-02
2298,2299,53.0,67900.0,549.1721965911822,Female,West,16.0,Clothing,51.81339133443375,2021-09-13,2022-01-02,9,2021,111,-1396,2022-01
2300,2301,21.0,29400.0,206.9070022896412,Male,West,36.0,Health,51.69985832126177,2022-06-17,2023-03-31,6,2022,287,-943,2023-03
2301,2302,44.0,62100.0,268.897694893989,Female,West,20.0,Toys,9.947214991950148,2021-02-10,2021-08-27,2,2021,198,-1524,2021-08
2303,2304,29.0,79200.0,1529.640153439418,Male,North,3.0,Electronics,56.55235303815722,2021-10-04,2022-12-05,10,2021,427,-1059,2022-12
2305,2306,34.0,34700.0,1336.3396216182164,Female,West,2.0,Electronics,20.46928295829813,2021-03-12,2022-06-25,3,2021,470,-1222,2022-06
2306,2307,27.0,47100.0,228.33471937157609,Male,North,35.0,Health,77.62250528720227,2021-09-27,2022-09-25,9,2021,363,-1130,2022-09
2309,2310,39.0,64000.0,1615.412558220796,Female,East,2.0,Clothing,31.199861440918376,2021-11-04,2023-05-19,11,2021,561,-894,2023-05
2310,2311,43.0,92400.0,1653.992359971318,Male,North,20.0,Health,92.152685639754,2022-03-03,2022-06-07,3,2022,96,-1240,2022-06
2311,2312,73.0,115500.0,1739.0420900423785,Female,South,34.0,Electronics,53.657701778343416,2021-07-18,2022-10-13,7,2021,452,-1112,2022-10
2312,2313,76.0,20800.0,839.9803988666148,Male,East,34.0,Clothing,69.61735148560209,2021-03-17,2023-08-17,3,2021,883,-804,2023-08
2314,2315,67.0,24500.0,551.1357106661753,Male,South,25.0,Health,4.033598753275214,2022-06-09,2023-05-07,6,2022,332,-906,2023-05
2317,2318,46.0,25000.0,40.0265746884549,Female,South,14.0,Toys,68.76805411799019,2021-03-26,2023-03-29,3,2021,733,-945,2023-03
2320,2321,76.0,64000.0,904.6316794862588,Female,West,43.0,Electronics,65.41174841780108,2022-01-06,2023-12-15,1,2022,708,-684,2023-12
2323,2324,78.0,62300.0,1840.877117895587,Female,East,12.0,Health,85.45050923182005,2021-01-01,2022-08-05,1,2021,581,-1181,2022-08
2324,2325,29.0,43200.0,636.1655808519382,Male,East,48.0,Health,56.39461282688776,2022-01-12,2022-09-21,1,2022,252,-1134,2022-09
2326,2327,46.0,71800.0,1699.9947756688046,Male,North,2.0,Clothing,30.724225074957413,2022-09-27,2022-12-22,9,2022,86,-1042,2022-12
2327,2328,28.0,61200.0,1813.917760667839,Male,North,16.0,Health,37.19549577376997,2021-07-19,2023-10-31,7,2021,834,-729,2023-10
2330,2331,64.0,71800.0,528.6902836907409,Male,West,43.0,Health,59.24394500789349,2022-02-02,2022-07-03,2,2022,151,-1214,2022-07
2334,2335,28.0,58800.0,139.01494103522373,Male,North,24.0,Toys,76.51013501700132,2022-08-17,2023-08-31,8,2022,379,-790,2023-08
2336,2337,40.0,45400.0,1238.593812361124,Male,West,37.0,Clothing,2.873969697212264,2021-02-10,2022-09-27,2,2021,594,-1128,2022-09
2337,2338,43.0,116400.0,401.5283674920766,Male,South,39.0,Electronics,17.078295878214465,2021-01-03,2022-01-17,1,2021,379,-1381,2022-01
2339,2340,63.0,96900.0,1361.3774413951471,Female,East,14.0,Electronics,76.39555303101378,2021-02-28,2022-12-06,2,2021,646,-1058,2022-12
2340,2341,51.0,57600.0,1061.0252666327865,Male,West,23.0,Toys,70.66941640165982,2022-02-11,2022-05-12,2,2022,90,-1266,2022-05
2341,2342,46.0,57000.0,1441.8414411529243,Male,East,16.0,Toys,61.608811912982816,2021-01-18,2023-05-02,1,2021,834,-911,2023-05
2342,2343,21.0,68000.0,1171.278816898676,Male,South,21.0,Clothing,88.48588964833388,2022-05-09,2022-12-08,5,2022,213,-1056,2022-12
2343,2344,34.0,26500.0,1896.5837724236533,Male,East,4.0,Clothing,24.71487836563663,2022-05-23,2023-12-09,5,2022,565,-690,2023-12
2346,2347,58.0,22400.0,363.8698411695929,Male,East,14.0,Toys,43.4259760186864,2021-06-18,2022-06-10,6,2021,357,-1237,2022-06
2347,2348,56.0,69700.0,1386.5387197965777,Female,West,19.0,Electronics,9.438620042016888,2022-11-03,2023-12-03,11,2022,395,-696,2023-12
2348,2349,32.0,108000.0,1298.2798280446211,Female,South,5.0,Health,72.6559908189525,2022-11-12,2023-01-22,11,2022,71,-1011,2023-01
2351,2352,46.0,111900.0,1026.5438653778926,Female,North,45.0,Toys,16.369028390380315,2022-05-20,2023-04-16,5,2022,331,-927,2023-04
2352,2353,28.0,47000.0,1983.826949077988,Female,South,18.0,Clothing,53.95151135743653,2021-12-12,2022-05-02,12,2021,141,-1276,2022-05
2356,2357,64.0,65100.0,1304.4955749739538,Male,East,21.0,Health,8.475531344672804,2021-03-28,2021-12-17,3,2021,264,-1412,2021-12
2357,2358,31.0,100000.0,1459.9915714958197,Female,East,47.0,Clothing,46.47403095122474,2021-04-05,2023-01-31,4,2021,666,-1002,2023-01
2358,2359,37.0,47200.0,1274.833092636866,Male,East,30.0,Electronics,84.29045586137929,2022-03-04,2023-05-13,3,2022,435,-900,2023-05
2360,2361,28.0,44200.0,897.0430012809069,Female,West,4.0,Health,76.48619871874375,2022-03-26,2023-12-02,3,2022,616,-697,2023-12
2361,2362,44.0,108000.0,1131.6479883075865,Female,North,5.0,Toys,18.342741561245635,2022-09-18,2023-10-27,9,2022,404,-733,2023-10
2363,2364,34.0,113400.0,898.4185826211732,Female,West,45.0,Health,91.55373999304496,2022-12-16,2023-06-30,12,2022,196,-852,2023-06
2364,2365,79.0,28100.0,1839.119663512418,Female,East,10.0,Electronics,32.39280815657698,2021-01-02,2021-12-04,1,2021,336,-1425,2021-12
2365,2366,61.0,85000.0,891.9409615899172,Male,North,27.0,Electronics,90.04116380886182,2021-03-19,2023-12-29,3,2021,1015,-670,2023-12
2367,2368,45.0,53700.0,1596.645652226746,Female,North,30.0,Health,31.68051331656575,2021-04-08,2022-06-23,4,2021,441,-1224,2022-06
2368,2369,46.0,29300.0,1174.4740151558444,Female,South,13.0,Toys,89.65082351115315,2022-09-21,2023-01-07,9,2022,108,-1026,2023-01
2369,2370,38.0,62300.0,1921.2317833179927,Male,East,36.0,Toys,3.203726676972818,2021-04-20,2022-03-19,4,2021,333,-1320,2022-03
2370,2371,64.0,67700.0,1327.464944417973,Female,North,21.0,Clothing,2.801885127281045,2022-11-10,2023-07-13,11,2022,245,-839,2023-07
2374,2375,37.0,109300.0,612.5118701351176,Female,West,15.0,Toys,7.946950335160552,2021-12-03,2022-01-03,12,2021,31,-1395,2022-01
2376,2377,36.0,75700.0,432.3897968040207,Female,East,20.0,Electronics,70.30635376375156,2021-01-22,2022-10-18,1,2021,634,-1107,2022-10
2384,2385,55.0,54700.0,1598.726875186926,Female,South,13.0,Health,31.561362602122067,2022-01-12,2023-05-03,1,2022,476,-910,2023-05
2386,2387,51.0,52200.0,1777.1345476899255,Male,East,5.0,Toys,96.96597465027033,2022-08-15,2023-06-09,8,2022,298,-873,2023-06
2388,2389,52.0,78900.0,685.9645388968522,Female,South,13.0,Electronics,13.639003964285845,2021-02-24,2023-05-20,2,2021,815,-893,2023-05
2390,2391,42.0,97300.0,223.75207491716125,Male,West,31.0,Clothing,92.96652663004484,2021-02-03,2022-12-27,2,2021,692,-1037,2022-12
2391,2392,41.0,40200.0,1465.6577717973214,Male,West,20.0,Health,60.07136437018746,2021-11-25,2022-01-24,11,2021,60,-1374,2022-01
2392,2393,29.0,64400.0,786.7471754428805,Female,South,8.0,Clothing,63.45189544062468,2022-03-30,2023-08-02,3,2022,490,-819,2023-08
2394,2395,32.0,109800.0,995.9346454575134,Female,East,21.0,Clothing,15.308481884140823,2022-03-06,2022-04-20,3,2022,45,-1288,2022-04
2395,2396,61.0,61100.0,378.131558362166,Female,East,20.0,Clothing,97.34688964947394,2022-04-21,2023-01-26,4,2022,280,-1007,2023-01
2396,2397,33.0,40000.0,1474.828386483582,Male,North,15.0,Toys,36.43293847285948,2021-05-05,2022-08-26,5,2021,478,-1160,2022-08
2397,2398,44.0,106600.0,519.2450325611082,Female,West,26.0,Health,62.824042594226256,2022-06-07,2023-07-15,6,2022,403,-837,2023-07
2398,2399,25.0,56000.0,991.8043965107248,Male,South,42.0,Toys,46.86160204999928,2022-04-27,2023-10-27,4,2022,548,-733,2023-10
2399,2400,77.0,55800.0,169.55587293067708,Female,North,11.0,Electronics,46.818097976484495,2021-11-13,2023-03-04,11,2021,476,-970,2023-03
2400,2401,63.0,54700.0,1243.3759757358328,Female,East,37.0,Electronics,70.27443721197214,2021-05-02,2022-02-16,5,2021,290,-1351,2022-02
2401,2402,42.0,55800.0,1338.398377108229,Female,North,41.0,Clothing,99.46622988722544,2022-07-01,2022-10-24,7,2022,115,-1101,2022-10
2403,2404,46.0,113600.0,1909.7571050357265,Female,South,27.0,Toys,79.40591315727352,2021-11-09,2023-02-25,11,2021,473,-977,2023-02
2404,2405,70.0,96600.0,1750.8544645344955,Female,West,30.0,Toys,2.761605726227012,2022-05-02,2022-08-08,5,2022,98,-1178,2022-08
2405,2406,25.0,37400.0,1421.7230131651895,Male,East,19.0,Health,81.04273690648182,2022-10-13,2023-08-17,10,2022,308,-804,2023-08
2409,2410,67.0,86100.0,412.44840516632894,Female,North,1.0,Health,67.98748141696267,2021-03-18,2023-12-23,3,2021,1010,-676,2023-12
2410,2411,69.0,64600.0,305.1263833612478,Male,South,3.0,Toys,99.761683604055,2022-08-03,2023-02-19,8,2022,200,-983,2023-02
2412,2413,20.0,46100.0,1252.304344316885,Female,South,28.0,Toys,26.23481500667757,2021-08-24,2021-09-22,8,2021,29,-1498,2021-09
2415,2416,70.0,79100.0,1215.7624784512102,Male,North,5.0,Clothing,6.50392993507033,2022-02-10,2023-09-19,2,2022,586,-771,2023-09
2416,2417,41.0,59200.0,118.19514627577053,Female,South,49.0,Health,39.93308329271872,2021-08-31,2023-07-07,8,2021,675,-845,2023-07
2417,2418,77.0,52900.0,207.4683611994942,Male,North,15.0,Electronics,66.62349040057875,2022-04-06,2023-01-18,4,2022,287,-1015,2023-01
2420,2421,37.0,37000.0,1209.2011257906215,Female,North,14.0,Health,20.022394040730664,2021-08-08,2023-05-07,8,2021,637,-906,2023-05
2422,2423,32.0,58800.0,1448.0244456478547,Female,East,8.0,Clothing,74.41995248606165,2021-04-11,2023-08-10,4,2021,851,-811,2023-08
2427,2428,34.0,87200.0,1768.7222447887448,Female,North,29.0,Electronics,15.80423197763735,2021-11-27,2021-11-28,11,2021,1,-1431,2021-11
2428,2429,79.0,96600.0,1897.4330433512732,Female,West,41.0,Clothing,67.14508191554378,2021-08-25,2023-07-01,8,2021,675,-851,2023-07
2429,2430,61.0,26900.0,983.7670757375848,Female,East,11.0,Electronics,23.7184461547264,2021-12-05,2023-12-02,12,2021,727,-697,2023-12
2434,2435,65.0,73000.0,1894.2651741011107,Female,West,26.0,Health,42.63349054403459,2022-12-29,2023-03-22,12,2022,83,-952,2023-03
2435,2436,74.0,104500.0,1458.0809307302595,Female,East,37.0,Electronics,99.9352929870033,2021-08-06,2023-01-18,8,2021,530,-1015,2023-01
2436,2437,77.0,80600.0,454.9706240841361,Female,West,48.0,Health,43.58282342202101,2022-01-11,2023-08-17,1,2022,583,-804,2023-08
2437,2438,39.0,92100.0,909.1851174987046,Female,North,9.0,Health,14.93794786378264,2021-01-12,2023-11-23,1,2021,1045,-706,2023-11
2439,2440,70.0,119200.0,1103.1847220185157,Male,East,32.0,Clothing,74.25931846422301,2021-03-24,2023-10-17,3,2021,937,-743,2023-10
2447,2448,25.0,71900.0,732.3830384962206,Female,West,13.0,Health,57.5910758368637,2021-05-21,2021-06-22,5,2021,32,-1590,2021-06
2448,2449,38.0,32300.0,823.5079425565377,Male,North,43.0,Toys,0.4648168925280638,2022-12-21,2023-01-30,12,2022,40,-1003,2023-01
2451,2452,35.0,99000.0,551.6397361606139,Female,East,42.0,Clothing,14.49920420027052,2022-04-01,2022-09-07,4,2022,159,-1148,2022-09
2458,2459,62.0,86500.0,491.6546822417199,Male,East,38.0,Clothing,28.168183364816837,2021-07-29,2023-06-26,7,2021,697,-856,2023-06
2459,2460,42.0,47600.0,789.576006328482,Female,East,48.0,Toys,31.5325355380146,2021-04-22,2022-11-03,4,2021,560,-1091,2022-11
2462,2463,55.0,119600.0,834.4339748558489,Female,North,3.0,Clothing,54.79009569871091,2021-02-18,2021-11-13,2,2021,268,-1446,2021-11
2463,2464,58.0,63400.0,307.54553943219315,Female,East,38.0,Electronics,70.73449591910563,2021-11-27,2023-03-04,11,2021,462,-970,2023-03
2464,2465,25.0,44100.0,1058.1435779134397,Male,North,4.0,Electronics,27.188424526288568,2021-12-31,2022-07-30,12,2021,211,-1187,2022-07
2465,2466,28.0,95600.0,1926.6568294042868,Female,East,36.0,Toys,93.84129454447589,2021-01-11,2021-04-01,1,2021,80,-1672,2021-04
2466,2467,39.0,57800.0,1223.217569280606,Male,East,4.0,Clothing,66.56975480739203,2021-07-07,2023-12-02,7,2021,878,-697,2023-12
2467,2468,68.0,46000.0,1967.1066965119337,Male,North,42.0,Toys,4.713930826982504,2022-05-24,2023-01-31,5,2022,252,-1002,2023-01
2468,2469,41.0,69200.0,1685.3924716989627,Female,East,9.0,Electronics,13.573753126091392,2022-08-03,2023-02-09,8,2022,190,-993,2023-02
2470,2471,34.0,42900.0,1323.631198846543,Male,North,17.0,Health,24.49573639934497,2021-03-31,2021-04-19,3,2021,19,-1654,2021-04
2471,2472,29.0,20300.0,587.7984175646096,Female,South,17.0,Clothing,73.06773700294364,2022-09-14,2023-07-17,9,2022,306,-835,2023-07
2472,2473,74.0,36600.0,1128.0413741765533,Female,North,33.0,Clothing,8.89352447554681,2022-11-07,2023-12-24,11,2022,412,-675,2023-12
2477,2478,71.0,86700.0,1750.7360536911444,Male,South,43.0,Electronics,95.705629648031,2021-03-15,2023-08-23,3,2021,891,-798,2023-08
2478,2479,39.0,100800.0,80.30645997958368,Male,West,3.0,Clothing,24.43158919686824,2021-09-08,2023-08-23,9,2021,714,-798,2023-08
2479,2480,45.0,40900.0,199.9355459719038,Female,South,24.0,Health,90.50996212676428,2022-03-26,2022-10-15,3,2022,203,-1110,2022-10
2482,2483,27.0,91300.0,1499.5275533183094,Female,South,22.0,Electronics,76.49393184016161,2021-10-23,2022-10-01,10,2021,343,-1124,2022-10
2483,2484,57.0,39300.0,434.6469882272714,Female,South,25.0,Electronics,50.65693120572092,2021-10-25,2023-03-02,10,2021,493,-972,2023-03
2484,2485,49.0,56000.0,1083.425242068405,Male,East,10.0,Electronics,81.45787260026688,2021-11-24,2023-11-28,11,2021,734,-701,2023-11
2485,2486,67.0,53500.0,1479.6940626711837,Female,West,49.0,Health,83.61930977524904,2021-10-29,2021-11-29,10,2021,31,-1430,2021-11
2487,2488,50.0,22200.0,953.9635584445948,Male,West,40.0,Electronics,40.03445182163753,2021-12-04,2023-12-09,12,2021,735,-690,2023-12
2490,2491,50.0,36200.0,1817.346584477651,Male,East,39.0,Toys,86.6943495941869,2022-07-07,2023-07-13,7,2022,371,-839,2023-07
2492,2493,30.0,110100.0,1476.2177866234126,Female,East,9.0,Health,59.35677567490424,2021-05-12,2022-04-20,5,2021,343,-1288,2022-04
2493,2494,47.0,98300.0,178.4361741202051,Female,East,44.0,Toys,3.098095327786188,2022-09-03,2023-10-20,9,2022,412,-740,2023-10
2494,2495,50.0,32400.0,731.7399512708082,Male,South,26.0,Health,27.789439784074972,2021-02-22,2023-02-05,2,2021,713,-997,2023-02
2495,2496,30.0,49000.0,1719.5714253049237,Male,West,9.0,Health,50.20576469023182,2022-05-11,2022-08-25,5,2022,106,-1161,2022-08
2498,2499,39.0,88000.0,665.689992144811,Male,South,36.0,Toys,71.6222825011617,2021-07-31,2021-12-09,7,2021,131,-1420,2021-12
2499,2500,56.0,70400.0,456.4670120873756,Male,West,42.0,Electronics,65.62334322936319,2022-05-19,2023-06-25,5,2022,402,-857,2023-06
2503,2504,43.0,116300.0,141.46087147805866,Female,North,1.0,Electronics,5.115951419627129,2021-03-12,2022-11-13,3,2021,611,-1081,2022-11
2507,2508,32.0,53800.0,1126.7274157353463,Female,North,38.0,Health,35.46627517649591,2021-01-08,2023-05-08,1,2021,850,-905,2023-05
2510,2511,72.0,35000.0,1958.9413169809425,Male,East,42.0,Clothing,99.46292879915534,2021-01-16,2021-12-21,1,2021,339,-1408,2021-12
2512,2513,66.0,70700.0,1350.5127530955613,Male,North,32.0,Health,73.61459716682506,2022-10-31,2023-03-28,10,2022,148,-946,2023-03
2513,2514,57.0,57300.0,496.5495476572531,Male,West,13.0,Electronics,54.77883349204357,2021-04-03,2021-07-19,4,2021,107,-1563,2021-07
2516,2517,20.0,48400.0,648.2321878762925,Male,South,43.0,Clothing,21.58579007652124,2021-06-10,2023-08-06,6,2021,787,-815,2023-08
2517,2518,76.0,80900.0,977.753388133612,Male,East,44.0,Electronics,78.18535394902439,2021-12-17,2022-09-20,12,2021,277,-1135,2022-09
2518,2519,23.0,104800.0,603.314599222103,Male,North,37.0,Toys,27.902017741864537,2021-06-23,2023-07-06,6,2021,743,-846,2023-07
2519,2520,26.0,83400.0,532.2360392420876,Male,West,30.0,Electronics,14.430248241185318,2021-11-13,2021-12-08,11,2021,25,-1421,2021-12
2520,2521,23.0,55700.0,71.27421909398059,Male,East,10.0,Toys,33.12983404606731,2021-01-18,2022-01-23,1,2021,370,-1375,2022-01
2523,2524,48.0,90200.0,23.17035134707708,Female,East,29.0,Electronics,38.736483696958,2021-12-17,2022-02-03,12,2021,48,-1364,2022-02
2527,2528,29.0,114800.0,1223.5683916803414,Male,East,41.0,Electronics,39.560047485584825,2021-03-09,2022-07-12,3,2021,490,-1205,2022-07
2528,2529,25.0,82800.0,818.6613239521794,Female,North,9.0,Toys,58.7319810172082,2021-01-30,2022-07-12,1,2021,528,-1205,2022-07
2529,2530,25.0,26700.0,1359.414844114974,Male,North,42.0,Clothing,56.994471641576105,2021-11-12,2023-12-08,11,2021,756,-691,2023-12
2530,2531,67.0,53000.0,396.0668771361112,Female,East,42.0,Electronics,74.97675583342468,2021-06-13,2022-05-17,6,2021,338,-1261,2022-05
2531,2532,45.0,63500.0,1641.1186845606994,Female,East,2.0,Toys,67.03759104353388,2021-11-16,2022-10-06,11,2021,324,-1119,2022-10
2533,2534,37.0,72700.0,1318.8826822131564,Male,North,8.0,Clothing,25.56436715589626,2021-10-06,2023-08-11,10,2021,674,-810,2023-08
2534,2535,79.0,37400.0,695.4756651229725,Female,North,32.0,Electronics,46.41417980634341,2022-03-08,2023-02-26,3,2022,355,-976,2023-02
2537,2538,24.0,56700.0,915.659016187858,Female,West,13.0,Toys,94.83265830361624,2021-09-20,2022-08-27,9,2021,341,-1159,2022-08
2539,2540,37.0,44000.0,1280.9064992830183,Female,West,24.0,Clothing,30.640839493350068,2022-06-06,2022-12-29,6,2022,206,-1035,2022-12
2540,2541,33.0,64400.0,1950.0442899724176,Female,North,18.0,Clothing,69.3391230881426,2021-06-21,2021-08-09,6,2021,49,-1542,2021-08
2541,2542,21.0,66300.0,1654.6947813158897,Female,South,45.0,Electronics,4.472581624310179,2021-12-24,2023-07-29,12,2021,582,-823,2023-07
2542,2543,23.0,106800.0,138.81622132624335,Female,West,40.0,Electronics,48.43969157830629,2021-01-13,2021-12-09,1,2021,330,-1420,2021-12
2544,2545,39.0,113400.0,1852.6543581967385,Male,East,32.0,Electronics,16.19752849093503,2022-11-04,2023-07-27,11,2022,265,-825,2023-07
2545,2546,43.0,116400.0,1016.0266201629024,Male,South,44.0,Electronics,83.73878159418831,2021-08-20,2023-04-21,8,2021,609,-922,2023-04
2546,2547,20.0,96400.0,1330.981415100195,Male,East,33.0,Clothing,79.68121186802541,2022-04-21,2023-12-16,4,2022,604,-683,2023-12
2550,2551,31.0,90100.0,886.5396792620521,Male,North,12.0,Health,84.86087568391967,2022-07-14,2023-05-01,7,2022,291,-912,2023-05
2551,2552,28.0,28300.0,692.5913845895824,Male,West,25.0,Toys,32.33201037486408,2021-09-18,2022-12-30,9,2021,468,-1034,2022-12
2558,2559,42.0,31100.0,1240.1564856746124,Female,East,46.0,Clothing,65.76169493263143,2022-05-30,2022-07-19,5,2022,50,-1198,2022-07
2561,2562,75.0,25800.0,1819.9438349355285,Male,North,32.0,Clothing,6.600643312993249,2022-09-02,2023-04-25,9,2022,235,-918,2023-04
2565,2566,53.0,42200.0,903.7820672712534,Female,South,20.0,Clothing,2.9708305346752617,2022-08-17,2022-09-22,8,2022,36,-1133,2022-09
2566,2567,62.0,55600.0,1110.367173111881,Female,West,6.0,Toys,36.8030052686807,2021-12-24,2022-08-02,12,2021,221,-1184,2022-08
2567,2568,25.0,50300.0,1890.038102006435,Female,East,43.0,Electronics,22.37824361164109,2022-10-22,2023-06-22,10,2022,243,-860,2023-06
2568,2569,46.0,34300.0,440.30948026531854,Female,South,49.0,Toys,81.52052811654619,2022-06-02,2023-09-02,6,2022,457,-788,2023-09
2569,2570,72.0,116000.0,1049.866998613676,Female,West,29.0,Clothing,84.5968144654641,2022-01-13,2023-11-20,1,2022,676,-709,2023-11
2571,2572,72.0,87800.0,531.6174427833328,Female,West,17.0,Toys,71.08272534348721,2022-03-02,2023-08-15,3,2022,531,-806,2023-08
2572,2573,49.0,72700.0,1640.8145961387538,Female,South,31.0,Toys,73.17560373014285,2022-06-21,2023-09-28,6,2022,464,-762,2023-09
2574,2575,61.0,99800.0,1568.2265079806534,Female,North,38.0,Electronics,43.36959170082358,2021-06-18,2021-12-04,6,2021,169,-1425,2021-12
2577,2578,35.0,73600.0,1218.7800809045775,Male,East,2.0,Clothing,40.45918330458827,2022-11-14,2023-06-21,11,2022,219,-861,2023-06
2580,2581,54.0,72200.0,1070.2399562479404,Female,East,6.0,Electronics,84.29175834609546,2021-03-24,2022-03-02,3,2021,343,-1337,2022-03
2583,2584,58.0,83200.0,856.9510876638021,Female,South,21.0,Clothing,2.965724559679117,2021-05-13,2023-01-25,5,2021,622,-1008,2023-01
2585,2586,20.0,67600.0,625.2902289047673,Female,East,35.0,Electronics,32.79815585256125,2022-04-02,2023-05-22,4,2022,415,-891,2023-05
2586,2587,45.0,111100.0,1058.5111369535734,Female,West,48.0,Electronics,57.26665034718926,2021-12-19,2023-02-16,12,2021,424,-986,2023-02
2589,2590,52.0,117800.0,1538.9980225291404,Female,West,15.0,Health,86.07197057335678,2022-01-17,2022-09-27,1,2022,253,-1128,2022-09
2590,2591,78.0,39300.0,1945.923711656949,Female,North,45.0,Clothing,88.92256020848936,2021-10-22,2022-04-01,10,2021,161,-1307,2022-04
2595,2596,24.0,95700.0,887.4610690459244,Female,East,22.0,Electronics,12.052500222632355,2021-08-02,2023-11-16,8,2021,836,-713,2023-11
2596,2597,29.0,115100.0,1639.2210925670504,Female,North,32.0,Electronics,76.27648111211613,2022-10-05,2023-10-28,10,2022,388,-732,2023-10
2598,2599,47.0,92600.0,1860.987610808396,Female,North,27.0,Electronics,85.55494904355281,2021-06-08,2023-11-05,6,2021,880,-724,2023-11
2599,2600,38.0,59200.0,1896.7696151581565,Male,South,46.0,Electronics,73.89308599861465,2022-07-11,2023-06-18,7,2022,342,-864,2023-06
2605,2606,54.0,43500.0,1361.8094514130426,Female,West,38.0,Toys,99.06748512711891,2021-05-29,2022-01-10,5,2021,226,-1388,2022-01
2607,2608,45.0,106700.0,1211.9230788894158,Male,South,34.0,Health,27.403604587713083,2021-01-07,2021-03-16,1,2021,68,-1688,2021-03
2608,2609,61.0,64500.0,1400.946699765326,Male,East,36.0,Electronics,74.12642565144732,2021-08-21,2021-08-30,8,2021,9,-1521,2021-08
2610,2611,37.0,103100.0,1005.1080457343564,Female,East,15.0,Health,2.877081711945295,2021-03-18,2021-05-03,3,2021,46,-1640,2021-05
2612,2613,41.0,94200.0,1454.2849848761282,Male,West,20.0,Clothing,25.624262925624773,2021-03-28,2021-08-22,3,2021,147,-1529,2021-08
2613,2614,67.0,92800.0,395.31990690314217,Female,West,8.0,Clothing,85.27786766315614,2021-08-10,2023-08-26,8,2021,746,-795,2023-08
2614,2615,66.0,106800.0,1786.6310727654509,Male,East,28.0,Toys,76.7153102143225,2022-02-17,2022-05-12,2,2022,84,-1266,2022-05
2615,2616,68.0,54100.0,873.2638463062873,Female,East,19.0,Health,34.0277462168857,2022-08-07,2023-11-30,8,2022,480,-699,2023-11
2618,2619,53.0,76600.0,829.3126503608852,Male,North,42.0,Electronics,23.795547145095085,2021-10-03,2021-12-03,10,2021,61,-1426,2021-12
2619,2620,75.0,88300.0,869.2595397975464,Male,West,8.0,Health,74.56089284998436,2021-08-09,2022-05-28,8,2021,292,-1250,2022-05
2624,2625,32.0,45400.0,1464.2425884785505,Female,West,43.0,Clothing,33.59555407282924,2021-08-31,2022-01-22,8,2021,144,-1376,2022-01
2626,2627,53.0,39200.0,730.8215207969422,Male,East,40.0,Clothing,26.518723977117787,2022-05-18,2023-12-03,5,2022,564,-696,2023-12
2628,2629,56.0,44000.0,788.3557790366948,Female,East,28.0,Electronics,7.142764673293578,2021-09-27,2022-11-28,9,2021,427,-1066,2022-11
2629,2630,59.0,44600.0,1596.010877409203,Female,South,46.0,Clothing,83.54686411085447,2022-02-25,2022-07-19,2,2022,144,-1198,2022-07
2630,2631,68.0,42500.0,625.3971324745019,Female,South,6.0,Clothing,9.155572727095109,2021-06-12,2022-03-22,6,2021,283,-1317,2022-03
2633,2634,71.0,43600.0,801.2112359771188,Male,North,7.0,Electronics,95.6549354474828,2021-07-12,2022-05-28,7,2021,320,-1250,2022-05
2639,2640,57.0,114900.0,1664.6588140784568,Female,West,17.0,Electronics,75.95928827379745,2021-02-05,2023-06-09,2,2021,854,-873,2023-06
2640,2641,38.0,59400.0,1151.2393498444187,Male,South,29.0,Clothing,44.39990207467262,2022-04-02,2023-07-20,4,2022,474,-832,2023-07
2641,2642,32.0,66300.0,1222.794072738967,Female,West,49.0,Clothing,77.98835857345134,2021-12-27,2023-04-08,12,2021,467,-935,2023-04
2644,2645,43.0,42300.0,105.99804732656216,Female,South,26.0,Electronics,83.35120997416551,2022-01-04,2023-12-09,1,2022,704,-690,2023-12
2645,2646,25.0,104500.0,536.8362152409793,Female,South,12.0,Clothing,19.56477465527071,2022-04-14,2022-05-31,4,2022,47,-1247,2022-05
2646,2647,53.0,102900.0,1754.0098269411276,Female,East,25.0,Health,16.181049566051332,2021-07-05,2022-11-19,7,2021,502,-1075,2022-11
2647,2648,65.0,109200.0,1509.644491013273,Male,South,41.0,Toys,75.06502585026682,2022-04-19,2023-10-17,4,2022,546,-743,2023-10
2648,2649,47.0,111100.0,54.93741715363957,Male,South,5.0,Toys,24.47970621552955,2021-03-02,2023-11-16,3,2021,989,-713,2023-11
2649,2650,40.0,86800.0,1043.672440755223,Male,West,4.0,Clothing,0.279438382038466,2021-09-19,2023-12-30,9,2021,832,-669,2023-12
2651,2652,61.0,79600.0,813.7466275532626,Male,North,48.0,Toys,62.29370580330629,2021-05-21,2021-08-19,5,2021,90,-1532,2021-08
2652,2653,31.0,108200.0,608.8387974827397,Male,West,41.0,Toys,44.49376980079407,2022-06-19,2023-07-27,6,2022,403,-825,2023-07
2653,2654,31.0,23400.0,1369.8152038164374,Male,South,31.0,Toys,72.57365100090378,2021-03-20,2022-06-02,3,2021,439,-1245,2022-06
2654,2655,19.0,49800.0,431.4251201154125,Female,East,3.0,Toys,33.33317331152858,2022-05-09,2023-11-14,5,2022,554,-715,2023-11
2655,2656,72.0,84500.0,1601.918152901978,Female,West,3.0,Clothing,95.36660570954176,2021-01-31,2022-12-07,1,2021,675,-1057,2022-12
2659,2660,62.0,66900.0,582.0787995496122,Female,West,2.0,Health,46.912590789350936,2021-03-07,2023-08-28,3,2021,904,-793,2023-08
2661,2662,79.0,35200.0,1444.7668650037303,Female,West,11.0,Health,92.69103978785694,2022-01-06,2022-08-23,1,2022,229,-1163,2022-08
2662,2663,71.0,76600.0,730.5600081678404,Female,East,24.0,Electronics,74.39939006792845,2021-10-14,2023-02-17,10,2021,491,-985,2023-02
2665,2666,64.0,29100.0,622.9559145197389,Male,East,32.0,Toys,91.16035178596232,2021-08-19,2021-12-07,8,2021,110,-1422,2021-12
2667,2668,73.0,51100.0,27.749929356073466,Female,North,34.0,Electronics,68.16984949157148,2021-01-04,2023-12-03,1,2021,1063,-696,2023-12
2669,2670,42.0,34800.0,824.6844478659709,Female,North,19.0,Toys,12.134415694036216,2022-02-16,2023-06-08,2,2022,477,-874,2023-06
2672,2673,56.0,56000.0,548.98721992422,Female,North,15.0,Electronics,61.25417734210957,2022-05-02,2022-09-19,5,2022,140,-1136,2022-09
2673,2674,23.0,92500.0,504.1900771089127,Female,South,21.0,Clothing,10.38149131224916,2021-12-11,2022-11-21,12,2021,345,-1073,2022-11
2675,2676,76.0,111100.0,691.6899342471567,Male,North,5.0,Health,52.269313651081326,2022-03-29,2023-07-02,3,2022,460,-850,2023-07
2681,2682,54.0,55200.0,324.84721255967764,Female,East,46.0,Clothing,3.137968801685298,2022-03-16,2023-03-16,3,2022,365,-958,2023-03
2682,2683,22.0,45400.0,1416.605612984354,Male,South,33.0,Electronics,31.530490019900316,2021-01-29,2023-09-13,1,2021,957,-777,2023-09
2683,2684,18.0,112500.0,502.4043673042542,Male,South,49.0,Clothing,26.74454143954117,2021-12-01,2023-01-06,12,2021,401,-1027,2023-01
2684,2685,57.0,89700.0,947.8315840405894,Male,West,17.0,Electronics,94.95949952878708,2021-08-26,2023-06-08,8,2021,651,-874,2023-06
2685,2686,29.0,52200.0,1190.7762748680243,Male,East,46.0,Clothing,18.533856888033608,2021-06-02,2023-09-09,6,2021,829,-781,2023-09
2687,2688,53.0,117200.0,1779.9330948189706,Female,East,30.0,Electronics,4.275353774929302,2021-04-25,2023-08-30,4,2021,857,-791,2023-08
2688,2689,62.0,65700.0,1496.552792689091,Female,South,8.0,Clothing,19.76840856942385,2022-02-03,2023-05-11,2,2022,462,-902,2023-05
2689,2690,40.0,65900.0,89.61084425603282,Female,North,40.0,Health,33.859735425435275,2021-02-01,2022-12-08,2,2021,675,-1056,2022-12
2691,2692,48.0,77200.0,1577.4352722463827,Male,South,7.0,Toys,78.99765800618003,2021-02-22,2022-04-29,2,2021,431,-1279,2022-04
2697,2698,33.0,57100.0,41.806449504502766,Male,West,25.0,Clothing,86.58860907297334,2021-03-23,2023-09-29,3,2021,920,-761,2023-09
2698,2699,27.0,95900.0,844.9393540792261,Female,West,47.0,Clothing,8.928625153113057,2021-01-01,2023-06-15,1,2021,895,-867,2023-06
2699,2700,46.0,81800.0,326.91716148517406,Male,South,33.0,Electronics,82.27691015073356,2021-06-16,2023-10-01,6,2021,837,-759,2023-10
2701,2702,29.0,45500.0,1423.422544514185,Female,West,5.0,Health,33.38416300693422,2021-07-02,2023-11-12,7,2021,863,-717,2023-11
2706,2707,37.0,102600.0,1533.218164177403,Female,North,29.0,Toys,77.36697713650497,2021-07-20,2022-12-18,7,2021,516,-1046,2022-12
2707,2708,25.0,35500.0,1584.1495100332102,Female,South,8.0,Clothing,23.529776177631323,2021-07-11,2023-05-15,7,2021,673,-898,2023-05
2708,2709,60.0,78000.0,1285.805035877606,Male,North,34.0,Electronics,15.169044906928097,2021-12-07,2022-04-27,12,2021,141,-1281,2022-04
2709,2710,29.0,103000.0,1709.861795341055,Female,North,40.0,Clothing,38.92634629817701,2021-10-26,2021-12-06,10,2021,41,-1423,2021-12
2711,2712,74.0,24200.0,1766.7673597094413,Male,East,29.0,Toys,9.142507416300315,2022-08-11,2023-06-11,8,2022,304,-871,2023-06
2712,2713,71.0,64900.0,879.0983360012493,Female,West,36.0,Toys,54.29140103443503,2021-05-20,2023-02-15,5,2021,636,-987,2023-02
2713,2714,37.0,31400.0,1500.242313636896,Male,South,37.0,Toys,8.88074794030419,2021-11-02,2022-08-24,11,2021,295,-1162,2022-08
2715,2716,74.0,64300.0,1455.363771088846,Male,North,5.0,Health,12.679151216098228,2021-03-02,2023-12-19,3,2021,1022,-680,2023-12
2717,2718,54.0,32500.0,1046.2710704097824,Male,South,24.0,Toys,19.08493330635848,2021-11-03,2023-07-23,11,2021,627,-829,2023-07
2718,2719,64.0,38900.0,1182.9486266611952,Female,South,19.0,Clothing,25.52560193687662,2022-04-25,2022-06-24,4,2022,60,-1223,2022-06
2720,2721,29.0,97700.0,1926.5254356725145,Male,South,1.0,Clothing,64.52679472473328,2021-03-24,2022-07-17,3,2021,480,-1200,2022-07
2721,2722,54.0,35800.0,367.6479597165402,Male,West,7.0,Electronics,5.498187562288126,2021-11-30,2022-07-12,11,2021,224,-1205,2022-07
2722,2723,66.0,35900.0,371.56468103218106,Female,East,17.0,Electronics,8.080905990536413,2022-06-01,2022-09-10,6,2022,101,-1145,2022-09
2725,2726,61.0,109500.0,145.11279296354206,Male,East,7.0,Electronics,62.86049260632328,2022-08-23,2023-09-26,8,2022,399,-764,2023-09
2731,2732,61.0,67300.0,1128.3955299159331,Male,East,43.0,Health,57.42809642273129,2021-01-21,2021-01-21,1,2021,0,-1742,2021-01
2734,2735,37.0,87000.0,543.3135104920348,Male,North,5.0,Toys,42.4685158472255,2021-01-22,2021-07-25,1,2021,184,-1557,2021-07
2736,2737,31.0,42800.0,1032.451397796343,Male,West,23.0,Health,16.11228967158337,2021-09-07,2023-04-30,9,2021,600,-913,2023-04
2737,2738,19.0,79300.0,1617.2379924318875,Male,West,21.0,Health,25.744898784259085,2022-10-23,2023-10-26,10,2022,368,-734,2023-10
2738,2739,26.0,44000.0,118.73186145847414,Female,West,26.0,Health,92.56635763208917,2021-03-14,2021-07-26,3,2021,134,-1556,2021-07
2739,2740,54.0,105200.0,1214.7403401960871,Male,West,47.0,Health,14.103601093520211,2021-04-01,2022-09-27,4,2021,544,-1128,2022-09
2740,2741,37.0,99700.0,1617.4207221625018,Male,South,21.0,Health,96.86995467436516,2021-06-25,2021-12-11,6,2021,169,-1418,2021-12
2742,2743,46.0,58300.0,49.74463312152126,Male,East,23.0,Electronics,45.66067747668311,2021-07-23,2022-07-01,7,2021,343,-1216,2022-07
2746,2747,23.0,45600.0,863.7222945255213,Male,South,1.0,Electronics,37.06630679132212,2021-02-13,2021-03-16,2,2021,31,-1688,2021-03
2747,2748,54.0,93200.0,1113.5965648010704,Female,West,15.0,Health,26.451621858529197,2022-09-01,2023-08-05,9,2022,338,-816,2023-08
2748,2749,70.0,50200.0,1205.788527619488,Female,West,17.0,Clothing,6.648680301487198,2022-07-02,2023-07-02,7,2022,365,-850,2023-07
2749,2750,76.0,30400.0,563.3352075807428,Female,West,14.0,Toys,51.93281165510958,2021-06-17,2022-12-11,6,2021,542,-1053,2022-12
2750,2751,22.0,61200.0,812.0586792528569,Female,West,19.0,Electronics,31.290833305863675,2022-03-11,2023-05-03,3,2022,418,-910,2023-05
2752,2753,66.0,90800.0,1883.605094358957,Female,East,6.0,Electronics,72.35223567491525,2022-08-20,2023-06-05,8,2022,289,-877,2023-06
2753,2754,68.0,53500.0,1726.5230556141494,Female,South,45.0,Electronics,33.210701153779645,2021-12-23,2023-01-06,12,2021,379,-1027,2023-01
2754,2755,31.0,48100.0,1137.2813334321952,Male,North,49.0,Electronics,66.91206835667609,2022-05-06,2022-09-26,5,2022,143,-1129,2022-09
2755,2756,29.0,74300.0,832.3797498290141,Male,West,6.0,Electronics,25.86752402794943,2022-09-25,2023-11-18,9,2022,419,-711,2023-11
2758,2759,70.0,107500.0,230.9714694879037,Female,South,33.0,Electronics,15.16087669853128,2021-09-10,2022-02-25,9,2021,168,-1342,2022-02
2764,2765,51.0,106100.0,313.1583237878827,Female,East,7.0,Clothing,0.9174994152910898,2021-05-03,2023-11-01,5,2021,912,-728,2023-11
2767,2768,46.0,48400.0,1263.1703754841608,Male,North,33.0,Electronics,90.06793870200173,2021-05-23,2022-01-09,5,2021,231,-1389,2022-01
2770,2771,48.0,34100.0,1581.0310712709268,Male,South,45.0,Health,73.12516574367022,2021-02-26,2021-05-20,2,2021,83,-1623,2021-05
2771,2772,73.0,100100.0,1639.8462532770618,Male,West,14.0,Clothing,67.51494194489744,2021-02-11,2023-08-31,2,2021,931,-790,2023-08
2773,2774,60.0,56700.0,1652.0506121272915,Female,West,23.0,Electronics,59.568773496806216,2021-05-01,2023-01-03,5,2021,612,-1030,2023-01
2774,2775,67.0,37700.0,1138.3860447005047,Male,North,24.0,Toys,79.37576531077536,2021-12-09,2023-01-24,12,2021,411,-1009,2023-01
2777,2778,55.0,51500.0,127.93354202350122,Male,East,27.0,Clothing,25.20970651139756,2022-03-13,2023-11-13,3,2022,610,-716,2023-11
2779,2780,40.0,40600.0,1618.9217856880264,Male,North,40.0,Toys,53.82202213611084,2021-12-07,2022-01-13,12,2021,37,-1385,2022-01
2780,2781,79.0,43600.0,1027.1942223544766,Female,West,45.0,Toys,3.3386182631281125,2022-02-20,2023-07-11,2,2022,506,-841,2023-07
2781,2782,62.0,31200.0,128.33406617060706,Male,East,23.0,Electronics,40.343061878255526,2021-07-01,2022-01-08,7,2021,191,-1390,2022-01
2782,2783,69.0,91100.0,1080.2317376908495,Female,East,31.0,Toys,96.63118582194858,2022-11-08,2023-12-23,11,2022,410,-676,2023-12
2783,2784,33.0,79200.0,1872.7835378186096,Male,North,36.0,Health,73.03729932442135,2021-09-21,2023-02-17,9,2021,514,-985,2023-02
2785,2786,59.0,53000.0,1622.6664271563734,Female,North,37.0,Clothing,57.52672943138663,2022-06-07,2022-06-07,6,2022,0,-1240,2022-06
2786,2787,77.0,55400.0,1604.302243815666,Female,North,3.0,Toys,59.91013556195962,2021-07-01,2022-08-07,7,2021,402,-1179,2022-08
2787,2788,72.0,54700.0,1865.615617565693,Male,West,36.0,Health,2.3348160783210226,2022-03-20,2022-05-16,3,2022,57,-1262,2022-05
2788,2789,25.0,113100.0,1545.052955986749,Female,North,5.0,Clothing,17.8833361249222,2021-09-08,2023-06-15,9,2021,645,-867,2023-06
2789,2790,67.0,87600.0,1500.4470177459173,Male,West,46.0,Health,55.17769383122278,2021-05-18,2023-09-26,5,2021,861,-764,2023-09
2790,2791,38.0,86800.0,483.52327664186834,Female,South,15.0,Toys,40.275255849068905,2021-08-06,2022-07-14,8,2021,342,-1203,2022-07
2791,2792,18.0,91100.0,138.65180753574128,Female,West,49.0,Toys,19.00378145201608,2022-03-30,2023-10-09,3,2022,558,-751,2023-10
2793,2794,25.0,33900.0,266.3797317345753,Female,South,10.0,Electronics,48.89948806787626,2021-10-20,2022-07-14,10,2021,267,-1203,2022-07
2794,2795,46.0,100100.0,1925.1478350304228,Female,South,32.0,Health,30.997314236684915,2021-04-02,2023-07-10,4,2021,829,-842,2023-07
2795,2796,49.0,21900.0,594.0510300133966,Male,North,23.0,Electronics,16.167734641574594,2021-07-27,2023-05-11,7,2021,653,-902,2023-05
2796,2797,55.0,53100.0,1708.8295227009005,Female,West,48.0,Electronics,61.116336279163086,2021-07-23,2023-05-22,7,2021,668,-891,2023-05
2798,2799,64.0,40800.0,659.9246147176074,Female,North,46.0,Clothing,66.95972165770952,2021-03-26,2022-09-06,3,2021,529,-1149,2022-09
2799,2800,39.0,108100.0,1871.6139733057096,Female,South,20.0,Health,22.02873602887028,2022-10-26,2022-12-04,10,2022,39,-1060,2022-12
2800,2801,64.0,103500.0,739.3786927307235,Male,East,44.0,Electronics,59.53384072223521,2021-06-05,2022-06-25,6,2021,385,-1222,2022-06
2802,2803,18.0,69000.0,230.06172363356012,Female,East,15.0,Electronics,35.31876007629875,2022-06-17,2023-01-08,6,2022,205,-1025,2023-01
2803,2804,72.0,87300.0,1347.4843972593685,Female,South,44.0,Clothing,21.07669326418441,2021-06-10,2022-08-29,6,2021,445,-1157,2022-08
2804,2805,72.0,100400.0,591.9020406654768,Female,East,46.0,Electronics,77.2149516020762,2022-01-21,2022-09-14,1,2022,236,-1141,2022-09
2805,2806,43.0,23300.0,1179.4962523222243,Female,East,22.0,Toys,17.68829401594514,2022-04-30,2023-10-19,4,2022,537,-741,2023-10
2808,2809,47.0,95500.0,1495.5781426214337,Female,North,23.0,Health,26.787431607466928,2021-05-23,2023-08-04,5,2021,803,-817,2023-08
2810,2811,35.0,109500.0,675.364056254738,Male,West,45.0,Toys,6.415786194299111,2021-10-11,2022-01-28,10,2021,109,-1370,2022-01
2812,2813,43.0,50000.0,633.5339858287997,Male,East,45.0,Toys,51.36747922166857,2021-02-04,2023-09-05,2,2021,943,-785,2023-09
2815,2816,57.0,28600.0,1713.0552042199824,Male,West,3.0,Toys,66.98352295539118,2022-01-28,2022-04-24,1,2022,86,-1284,2022-04
2816,2817,66.0,84000.0,875.198691668741,Male,East,28.0,Clothing,43.17817358510308,2022-02-12,2022-09-10,2,2022,210,-1145,2022-09
2818,2819,44.0,104300.0,1385.850911937322,Female,West,14.0,Electronics,82.14021435154072,2022-01-23,2023-12-09,1,2022,685,-690,2023-12
2819,2820,25.0,28300.0,1212.833397525657,Female,South,18.0,Toys,67.18491118865228,2022-11-27,2023-11-22,11,2022,360,-707,2023-11
2820,2821,42.0,83300.0,232.34873032177524,Male,North,27.0,Clothing,49.13356191742305,2021-10-24,2022-08-24,10,2021,304,-1162,2022-08
2821,2822,63.0,45900.0,1026.174236561047,Male,South,10.0,Toys,78.22693506022277,2021-11-19,2023-07-29,11,2021,617,-823,2023-07
2826,2827,48.0,34100.0,467.78016760819446,Male,North,4.0,Health,21.35630084578761,2022-05-18,2022-07-26,5,2022,69,-1191,2022-07
2829,2830,70.0,115500.0,483.16718514318205,Male,South,8.0,Health,43.07800938568164,2022-05-11,2022-11-16,5,2022,189,-1078,2022-11
2830,2831,65.0,29100.0,417.25153849021547,Female,West,49.0,Clothing,65.4948112098144,2021-04-27,2023-05-08,4,2021,741,-905,2023-05
2834,2835,79.0,39800.0,321.53468919395743,Male,East,18.0,Electronics,54.3082889105783,2022-03-21,2022-04-06,3,2022,16,-1302,2022-04
2835,2836,45.0,83400.0,542.6715290254632,Male,West,12.0,Toys,56.58897560424324,2022-05-02,2022-12-19,5,2022,231,-1045,2022-12
2836,2837,19.0,112500.0,866.4649640334462,Female,South,48.0,Toys,10.57717935215904,2022-02-15,2022-05-27,2,2022,101,-1251,2022-05
2838,2839,23.0,96600.0,685.8900269392245,Male,South,33.0,Clothing,8.65713953576246,2021-10-25,2022-05-06,10,2021,193,-1272,2022-05
2839,2840,26.0,66700.0,670.6365921700885,Female,North,47.0,Clothing,30.78632910335106,2021-02-21,2021-09-30,2,2021,221,-1490,2021-09
2840,2841,50.0,40000.0,584.1282400538229,Male,South,7.0,Electronics,90.03121410906336,2021-10-31,2023-10-10,10,2021,709,-750,2023-10
2841,2842,58.0,40900.0,967.0016616718652,Female,East,28.0,Electronics,57.45334005547921,2021-10-15,2022-06-11,10,2021,239,-1236,2022-06
2843,2844,65.0,73800.0,981.5488533836084,Female,West,3.0,Clothing,57.38858673758923,2021-04-28,2022-09-16,4,2021,506,-1139,2022-09
2847,2848,30.0,118000.0,168.74336210592827,Female,North,38.0,Electronics,13.840500286702753,2021-05-07,2023-01-31,5,2021,634,-1002,2023-01
2848,2849,48.0,93700.0,1080.606922221662,Female,North,15.0,Health,81.69067100945848,2021-10-20,2021-11-19,10,2021,30,-1440,2021-11
2849,2850,58.0,61300.0,1711.821064707099,Female,West,7.0,Clothing,55.53921789782959,2022-06-03,2023-09-04,6,2022,458,-786,2023-09
2850,2851,28.0,39000.0,29.67124272009885,Female,East,43.0,Toys,0.42752021687813,2021-08-10,2022-03-21,8,2021,223,-1318,2022-03
2851,2852,21.0,112900.0,1874.5893830776683,Female,East,30.0,Electronics,51.9778486337977,2021-03-18,2021-12-08,3,2021,265,-1421,2021-12
2855,2856,63.0,65600.0,1325.527626812111,Female,East,22.0,Clothing,89.94998836588509,2021-10-19,2022-05-20,10,2021,213,-1258,2022-05
2858,2859,36.0,71200.0,1673.100868161495,Female,West,40.0,Health,90.87809432111732,2021-06-06,2022-12-09,6,2021,551,-1055,2022-12
2859,2860,23.0,36300.0,1516.6550315442764,Male,East,24.0,Electronics,91.26293113764775,2022-07-26,2023-04-03,7,2022,251,-940,2023-04
2860,2861,51.0,88700.0,977.1364283155484,Female,West,8.0,Clothing,11.463814299675745,2021-07-03,2022-04-06,7,2021,277,-1302,2022-04
2863,2864,58.0,97500.0,1607.0481322237697,Male,North,43.0,Toys,50.64625847036726,2022-11-04,2023-06-11,11,2022,219,-871,2023-06
2865,2866,36.0,112000.0,973.546497634338,Female,East,3.0,Electronics,19.910229039817334,2021-01-16,2023-11-16,1,2021,1034,-713,2023-11
2866,2867,62.0,118700.0,1367.522345894216,Male,North,31.0,Clothing,63.97866287665797,2021-04-08,2022-01-09,4,2021,276,-1389,2022-01
2868,2869,18.0,86700.0,1265.1688259383443,Male,West,46.0,Clothing,16.035398468777295,2021-10-27,2023-06-23,10,2021,604,-859,2023-06
2869,2870,41.0,96500.0,1530.4388466460284,Male,South,27.0,Clothing,23.852743931746037,2022-02-26,2023-11-14,2,2022,626,-715,2023-11
2871,2872,71.0,110100.0,725.397668610059,Female,North,33.0,Clothing,18.820937645434544,2021-10-01,2022-02-27,10,2021,149,-1340,2022-02
2873,2874,42.0,91200.0,1606.304853006814,Male,South,26.0,Clothing,48.4541731022269,2021-08-27,2023-04-11,8,2021,592,-932,2023-04
2874,2875,38.0,38200.0,766.8140077328021,Male,South,28.0,Health,51.91981785123731,2021-11-28,2023-08-31,11,2021,641,-790,2023-08
2875,2876,32.0,72500.0,1808.605292914956,Female,South,44.0,Clothing,13.446755282055523,2021-04-25,2022-09-21,4,2021,514,-1134,2022-09
2876,2877,18.0,102900.0,157.98757952563687,Female,West,43.0,Clothing,51.72518254386434,2021-09-25,2022-07-24,9,2021,302,-1193,2022-07
2877,2878,29.0,113200.0,135.2706739091725,Female,North,31.0,Health,4.947819105413931,2021-01-12,2021-05-02,1,2021,110,-1641,2021-05
2878,2879,75.0,96600.0,1855.4682370007883,Male,North,1.0,Electronics,88.15352980116816,2021-03-14,2021-06-08,3,2021,86,-1604,2021-06
2880,2881,32.0,76900.0,771.606725767698,Female,West,12.0,Toys,85.63373248357074,2021-06-27,2023-01-21,6,2021,573,-1012,2023-01
2881,2882,38.0,94700.0,1515.0196213360418,Male,West,17.0,Health,70.16563687448438,2021-09-16,2023-11-28,9,2021,803,-701,2023-11
2882,2883,36.0,72600.0,1351.2070837874096,Male,West,15.0,Electronics,76.6172589297181,2022-02-04,2022-08-14,2,2022,191,-1172,2022-08
2883,2884,77.0,86500.0,1071.7780727028005,Female,South,34.0,Clothing,31.454449453892277,2021-09-27,2021-12-12,9,2021,76,-1417,2021-12
2885,2886,42.0,59600.0,1628.115582839648,Male,South,4.0,Health,40.67405538411148,2022-11-12,2023-11-06,11,2022,359,-723,2023-11
2886,2887,50.0,69700.0,1734.725917547637,Female,South,8.0,Clothing,2.4225862412799337,2022-05-01,2023-04-15,5,2022,349,-928,2023-04
2887,2888,66.0,54600.0,360.8940033342452,Male,South,34.0,Electronics,91.87556768683494,2022-08-03,2023-02-20,8,2022,201,-982,2023-02
2888,2889,49.0,116500.0,1704.013070914592,Male,East,46.0,Toys,38.70142659661246,2021-02-28,2021-04-28,2,2021,59,-1645,2021-04
2891,2892,61.0,115500.0,1319.2344917209202,Female,East,28.0,Health,8.051500979931047,2021-03-16,2021-10-15,3,2021,213,-1475,2021-10
2892,2893,55.0,50700.0,776.829893628693,Female,North,9.0,Clothing,66.0188277842576,2021-03-31,2023-06-27,3,2021,818,-855,2023-06
2895,2896,52.0,70800.0,1726.5127950513,Female,West,10.0,Electronics,25.656266990321285,2021-06-03,2023-06-20,6,2021,747,-862,2023-06
2896,2897,25.0,99500.0,1315.07355485238,Female,West,9.0,Clothing,91.6075048692817,2021-08-06,2021-10-28,8,2021,83,-1462,2021-10
2897,2898,63.0,113100.0,1032.9494090801677,Male,West,31.0,Toys,49.99801760713749,2022-05-01,2023-06-17,5,2022,412,-865,2023-06
2899,2900,27.0,102100.0,125.84825095753996,Female,West,24.0,Clothing,28.09478257997007,2021-05-10,2021-09-07,5,2021,120,-1513,2021-09
2900,2901,19.0,115500.0,902.469744688558,Male,South,19.0,Clothing,52.29544551851182,2021-03-07,2022-11-17,3,2021,620,-1077,2022-11
2902,2903,26.0,98400.0,1147.2825711763055,Male,West,43.0,Health,32.11390403964008,2022-01-15,2023-09-25,1,2022,618,-765,2023-09
2904,2905,38.0,63400.0,1519.2344569702996,Male,West,10.0,Health,40.90068984934005,2022-02-11,2023-03-12,2,2022,394,-962,2023-03
2906,2907,25.0,87400.0,1194.1057479155156,Male,East,38.0,Health,22.2043776067109,2021-10-04,2022-01-02,10,2021,90,-1396,2022-01
2908,2909,19.0,55500.0,29.330602534037496,Male,North,28.0,Clothing,12.461167646366668,2022-02-13,2023-04-30,2,2022,441,-913,2023-04
2909,2910,23.0,54500.0,163.33100856333448,Male,East,1.0,Health,48.02072077214363,2021-11-10,2022-03-09,11,2021,119,-1330,2022-03
2911,2912,70.0,94800.0,1766.825460421115,Male,West,15.0,Toys,2.266532106900998,2021-09-06,2023-01-29,9,2021,510,-1004,2023-01
2913,2914,43.0,67000.0,1427.5707743118724,Male,North,21.0,Toys,81.0384793950634,2022-02-03,2023-09-04,2,2022,578,-786,2023-09
2915,2916,29.0,89400.0,1585.3237543284872,Female,East,15.0,Electronics,86.51908131499447,2022-03-27,2023-05-14,3,2022,413,-899,2023-05
2918,2919,65.0,83700.0,204.3521698866124,Male,East,15.0,Health,84.73423257683692,2022-07-13,2023-03-16,7,2022,246,-958,2023-03
2920,2921,32.0,39700.0,1777.3329772982993,Female,West,9.0,Toys,55.27518332351261,2022-03-22,2023-04-10,3,2022,384,-933,2023-04
2921,2922,61.0,109100.0,1289.706104328602,Male,West,44.0,Toys,77.63106529786457,2022-12-08,2023-02-28,12,2022,82,-974,2023-02
2922,2923,53.0,98900.0,839.0162381608437,Male,South,39.0,Toys,8.479801624634664,2021-04-13,2022-09-10,4,2021,515,-1145,2022-09
2923,2924,32.0,74200.0,599.7694761395942,Male,East,5.0,Toys,85.86454671624838,2021-11-24,2022-07-03,11,2021,221,-1214,2022-07
2927,2928,23.0,35600.0,1938.5563669229532,Female,South,8.0,Toys,32.67828459692185,2021-02-27,2022-10-17,2,2021,597,-1108,2022-10
2928,2929,63.0,50000.0,1867.4937530709676,Male,South,22.0,Toys,7.394868986970127,2021-04-15,2021-04-24,4,2021,9,-1649,2021-04
2930,2931,61.0,116400.0,855.2230743348538,Female,North,48.0,Toys,17.451040239086957,2021-03-10,2021-09-01,3,2021,175,-1519,2021-09
2931,2932,76.0,72300.0,1388.7775032837533,Female,South,12.0,Clothing,63.00499020370152,2021-10-29,2022-02-27,10,2021,121,-1340,2022-02
2933,2934,62.0,78300.0,1703.8503856042776,Female,South,10.0,Electronics,28.11515034146459,2022-06-21,2023-11-13,6,2022,510,-716,2023-11
2935,2936,40.0,80100.0,242.5243776580762,Male,South,10.0,Electronics,6.416621811108492,2021-01-15,2022-03-30,1,2021,439,-1309,2022-03
2936,2937,60.0,42800.0,169.74812039240794,Female,North,9.0,Clothing,60.78720109915183,2021-04-16,2022-08-17,4,2021,488,-1169,2022-08
2938,2939,33.0,89500.0,1292.4033117176446,Male,West,35.0,Health,24.548410714727463,2021-03-15,2023-05-06,3,2021,782,-907,2023-05
2940,2941,70.0,48100.0,599.1797402752414,Male,East,31.0,Electronics,73.70843581589864,2022-07-04,2023-02-07,7,2022,218,-995,2023-02
2943,2944,42.0,33300.0,720.0787447919046,Female,South,38.0,Health,19.398021210600547,2022-11-17,2023-02-06,11,2022,81,-996,2023-02
2944,2945,53.0,110100.0,282.2885289553524,Female,South,6.0,Electronics,98.62697472955654,2022-07-10,2023-03-23,7,2022,256,-951,2023-03
2948,2949,21.0,90500.0,718.3284179360747,Female,West,45.0,Electronics,26.316152514577382,2021-05-22,2021-11-21,5,2021,183,-1438,2021-11
2949,2950,38.0,45900.0,664.8903789238506,Female,South,5.0,Health,66.30288804436609,2021-11-08,2023-07-29,11,2021,628,-823,2023-07
2951,2952,39.0,33700.0,1757.266543882391,Female,East,2.0,Toys,45.021393095657714,2021-02-01,2021-08-19,2,2021,199,-1532,2021-08
2952,2953,36.0,112300.0,99.75698733328107,Male,West,23.0,Health,74.94195054011905,2021-01-26,2022-08-05,1,2021,556,-1181,2022-08
2953,2954,51.0,43400.0,1613.568978247015,Female,South,44.0,Electronics,64.60702592714583,2021-09-12,2023-01-03,9,2021,478,-1030,2023-01
2954,2955,31.0,78200.0,750.5954730623579,Female,North,46.0,Health,47.29418635417149,2021-02-25,2022-11-02,2,2021,615,-1092,2022-11
2955,2956,78.0,113400.0,1712.1456710611858,Female,West,19.0,Electronics,4.981229980320467,2021-10-20,2022-02-07,10,2021,110,-1360,2022-02
2958,2959,70.0,111200.0,1393.8755399367997,Male,North,47.0,Electronics,22.44946884024209,2021-02-22,2022-12-28,2,2021,674,-1036,2022-12
2959,2960,69.0,54700.0,336.07285841141146,Male,East,27.0,Toys,94.82686497881704,2021-04-11,2022-01-20,4,2021,284,-1378,2022-01
2961,2962,44.0,30300.0,820.8923076147806,Male,West,17.0,Clothing,96.22686816769364,2021-09-24,2022-07-14,9,2021,293,-1203,2022-07
2962,2963,46.0,77700.0,922.1387184032964,Female,East,25.0,Electronics,25.62169321655901,2021-01-02,2022-01-24,1,2021,387,-1374,2022-01
2963,2964,64.0,29300.0,1417.40292105323,Male,North,46.0,Clothing,83.57933275778873,2021-01-22,2023-03-01,1,2021,768,-973,2023-03
2965,2966,52.0,100100.0,487.958631789855,Male,North,28.0,Clothing,98.15036893032196,2021-07-31,2022-12-05,7,2021,492,-1059,2022-12
2967,2968,33.0,21100.0,796.156126900514,Female,West,22.0,Toys,97.29680449427023,2022-06-13,2022-07-21,6,2022,38,-1196,2022-07
2969,2970,53.0,97000.0,1386.2511314024964,Female,East,44.0,Electronics,0.7660866890438989,2021-01-14,2023-11-11,1,2021,1031,-718,2023-11
2970,2971,47.0,98200.0,786.62288282875,Male,South,42.0,Electronics,74.10854101506894,2022-06-03,2023-11-09,6,2022,524,-720,2023-11
2971,2972,35.0,76600.0,705.2948303255271,Male,North,8.0,Electronics,27.19345612096418,2021-08-10,2023-05-12,8,2021,640,-901,2023-05
2973,2974,66.0,64800.0,220.52672518539265,Male,East,28.0,Health,98.06112012539089,2022-02-07,2023-04-07,2,2022,424,-936,2023-04
2975,2976,21.0,71300.0,512.4762797054368,Male,West,12.0,Electronics,56.69878324393505,2021-10-14,2023-12-19,10,2021,796,-680,2023-12
2977,2978,42.0,20400.0,350.1932523679302,Female,East,38.0,Clothing,25.33587822148069,2021-09-04,2023-10-15,9,2021,771,-745,2023-10
2978,2979,47.0,76900.0,1221.1898289562182,Female,West,44.0,Health,22.51219370671425,2021-04-01,2023-01-21,4,2021,660,-1012,2023-01
2982,2983,61.0,119600.0,1807.0333873890472,Female,North,34.0,Health,50.52106190319508,2021-02-12,2021-04-15,2,2021,62,-1658,2021-04
2985,2986,30.0,91800.0,471.7685092267935,Male,West,8.0,Electronics,65.60458694888051,2021-11-12,2022-04-29,11,2021,168,-1279,2022-04
2988,2989,73.0,46000.0,1720.329010706184,Female,West,6.0,Electronics,65.80988848075032,2021-07-28,2022-12-08,7,2021,498,-1056,2022-12
2991,2992,78.0,116000.0,171.0788592646775,Male,North,21.0,Toys,68.25719203067642,2021-04-24,2023-01-22,4,2021,638,-1011,2023-01
2992,2993,59.0,99900.0,1470.746364064198,Male,West,44.0,Clothing,9.274379512412931,2021-06-24,2021-08-23,6,2021,60,-1528,2021-08
2995,2996,37.0,22000.0,38.651314825441744,Male,West,7.0,Clothing,39.29449389665539,2022-02-08,2022-03-29,2,2022,49,-1310,2022-03
2997,2998,71.0,52600.0,533.6114828276707,Male,East,15.0,Electronics,43.82092811112116,2021-06-10,2023-09-11,6,2021,823,-779,2023-09
2998,2999,24.0,96400.0,1279.54466210157,Male,West,49.0,Health,72.12209169030645,2021-02-05,2022-02-27,2,2021,387,-1340,2022-02
3001,3002,61.0,24600.0,1835.5830039429277,Female,North,38.0,Clothing,99.1142773743137,2021-11-14,2022-07-08,11,2021,236,-1209,2022-07
3003,3004,62.0,68100.0,324.2945888983487,Male,South,15.0,Clothing,39.47825724173085,2022-10-25,2023-04-26,10,2022,183,-917,2023-04
3004,3005,59.0,40400.0,1728.6688120214412,Male,South,48.0,Clothing,91.96134927532302,2022-04-01,2022-07-05,4,2022,95,-1212,2022-07
3006,3007,76.0,81600.0,1189.8154322931052,Male,South,16.0,Electronics,70.50769619293123,2021-12-10,2022-05-12,12,2021,153,-1266,2022-05
3011,3012,38.0,96600.0,1382.673460427317,Male,North,46.0,Health,89.71332992460653,2021-10-08,2023-01-06,10,2021,455,-1027,2023-01
3012,3013,39.0,117100.0,1574.313535692359,Female,North,2.0,Toys,20.036709474314872,2021-08-13,2022-04-03,8,2021,233,-1305,2022-04
3013,3014,45.0,25700.0,1594.6699411144148,Male,South,23.0,Electronics,30.77540440643939,2022-04-02,2023-12-11,4,2022,618,-688,2023-12
3014,3015,26.0,86900.0,288.2791474791127,Female,South,30.0,Health,28.58069260789511,2021-06-03,2022-04-09,6,2021,310,-1299,2022-04
3016,3017,26.0,75900.0,1662.26916345928,Male,North,46.0,Toys,66.80611268287184,2021-12-19,2022-06-23,12,2021,186,-1224,2022-06
3017,3018,32.0,51400.0,619.3048365499343,Male,South,39.0,Toys,95.41135587405384,2021-02-08,2022-07-22,2,2021,529,-1195,2022-07
3019,3020,41.0,70300.0,560.1319075456946,Male,North,49.0,Electronics,40.764715465869685,2022-09-13,2022-09-17,9,2022,4,-1138,2022-09
3021,3022,74.0,118300.0,1777.9190867339023,Male,North,41.0,Toys,43.23379441876859,2022-05-04,2023-10-19,5,2022,533,-741,2023-10
3022,3023,78.0,64100.0,921.1459774448836,Female,South,22.0,Clothing,92.60427679260476,2021-07-17,2022-09-13,7,2021,423,-1142,2022-09
3025,3026,41.0,89800.0,931.0320227425846,Female,North,48.0,Clothing,97.15724837342697,2022-05-23,2022-09-16,5,2022,116,-1139,2022-09
3027,3028,66.0,39800.0,581.8161097217029,Female,West,21.0,Electronics,23.11748711880426,2021-09-28,2023-08-17,9,2021,688,-804,2023-08
3028,3029,43.0,30800.0,884.4318090488123,Male,West,45.0,Electronics,17.770081478953294,2022-07-08,2022-10-09,7,2022,93,-1116,2022-10
3031,3032,21.0,81900.0,688.8777457766968,Female,East,1.0,Toys,40.86597974551808,2021-05-11,2023-01-04,5,2021,603,-1029,2023-01
3034,3035,36.0,52300.0,1850.4986798926248,Female,North,3.0,Toys,31.73895736332725,2022-02-01,2023-03-05,2,2022,397,-969,2023-03
3035,3036,53.0,35700.0,1053.0515870660108,Male,North,49.0,Clothing,74.33858087359594,2022-07-20,2023-04-26,7,2022,280,-917,2023-04
3037,3038,56.0,26400.0,58.50359167070229,Male,North,31.0,Clothing,50.0169229184135,2022-01-18,2022-01-24,1,2022,6,-1374,2022-01
3039,3040,42.0,38800.0,458.4727649190252,Female,South,19.0,Clothing,7.702248657366761,2022-01-30,2022-08-26,1,2022,208,-1160,2022-08
3043,3044,27.0,87800.0,1751.3456672600232,Female,North,25.0,Health,83.9068575417683,2021-10-08,2022-05-13,10,2021,217,-1265,2022-05
3046,3047,67.0,24800.0,530.4655305662084,Male,North,23.0,Health,15.039827261328032,2021-07-11,2023-07-25,7,2021,744,-827,2023-07
3047,3048,22.0,40400.0,825.5088418489606,Female,North,2.0,Clothing,38.77415283268735,2022-09-29,2023-02-07,9,2022,131,-995,2023-02
3048,3049,64.0,44000.0,930.9269511601724,Female,East,15.0,Toys,46.41107938908192,2022-03-04,2022-08-09,3,2022,158,-1177,2022-08
3049,3050,66.0,48900.0,609.4039419534967,Male,West,44.0,Health,29.76637947582136,2021-12-14,2022-11-04,12,2021,325,-1090,2022-11
3051,3052,61.0,91100.0,1188.4522637345533,Female,South,10.0,Health,91.24388126891402,2022-01-27,2022-12-14,1,2022,321,-1050,2022-12
3052,3053,51.0,86200.0,1057.8262420356168,Female,West,14.0,Electronics,41.24821992692763,2021-12-07,2023-03-31,12,2021,479,-943,2023-03
3055,3056,38.0,26600.0,1989.2964906994412,Male,East,35.0,Clothing,52.25156268160512,2021-02-16,2021-03-14,2,2021,26,-1690,2021-03
3056,3057,34.0,54900.0,974.3326499162836,Female,North,33.0,Electronics,60.02195406777565,2022-10-27,2023-09-01,10,2022,309,-789,2023-09
3057,3058,39.0,113700.0,1516.8883987126726,Female,West,1.0,Electronics,26.83310651193253,2022-03-01,2022-05-19,3,2022,79,-1259,2022-05
3058,3059,65.0,66000.0,915.5817894016444,Male,West,34.0,Toys,38.3360519135037,2022-06-01,2023-03-16,6,2022,288,-958,2023-03
3063,3064,24.0,39400.0,1315.3753564397512,Female,East,36.0,Electronics,1.0468573316502638,2021-06-14,2021-08-28,6,2021,75,-1523,2021-08
3066,3067,27.0,43600.0,656.6528281477853,Female,North,9.0,Electronics,93.8495158330771,2022-03-27,2022-04-24,3,2022,28,-1284,2022-04
3067,3068,26.0,51600.0,1996.5033711408664,Female,East,39.0,Toys,54.93452338350529,2021-12-09,2023-11-04,12,2021,695,-725,2023-11
3068,3069,31.0,94800.0,1992.404112477121,Male,North,16.0,Toys,60.54648602222888,2021-12-07,2022-12-18,12,2021,376,-1046,2022-12
3073,3074,42.0,115100.0,1065.5339490275226,Female,South,48.0,Electronics,67.24799495825067,2022-02-25,2023-09-02,2,2022,554,-788,2023-09
3077,3078,38.0,45200.0,228.0931494230039,Female,West,42.0,Health,5.211132860983659,2022-10-10,2023-08-20,10,2022,314,-801,2023-08
3078,3079,35.0,98500.0,1383.0345556045263,Female,East,48.0,Health,10.211508894903687,2021-01-04,2022-11-12,1,2021,677,-1082,2022-11
3079,3080,20.0,33100.0,333.7358315579107,Female,North,8.0,Toys,67.4594235735587,2022-11-12,2023-11-26,11,2022,379,-703,2023-11
3081,3082,71.0,66000.0,635.8526011754672,Male,South,15.0,Clothing,59.53577798139739,2021-03-19,2022-06-30,3,2021,468,-1217,2022-06
3084,3085,58.0,63000.0,1408.0023088481803,Female,North,4.0,Electronics,12.96365021474264,2021-12-21,2023-01-12,12,2021,387,-1021,2023-01
3086,3087,28.0,30400.0,1550.303543377766,Female,West,13.0,Clothing,82.1291784819328,2022-10-24,2023-01-20,10,2022,88,-1013,2023-01
3088,3089,41.0,27400.0,1572.8740336100468,Male,West,21.0,Health,94.97597947128548,2021-05-19,2023-04-18,5,2021,699,-925,2023-04
3089,3090,77.0,53800.0,1176.1745476115275,Male,East,41.0,Clothing,4.874485535375528,2021-09-29,2022-03-18,9,2021,170,-1321,2022-03
3090,3091,63.0,23800.0,183.2178785976017,Male,North,46.0,Clothing,79.24119971840686,2021-07-15,2023-12-19,7,2021,887,-680,2023-12
3092,3093,21.0,24300.0,158.2029800916045,Female,South,39.0,Electronics,26.089230519753603,2021-12-15,2021-12-31,12,2021,16,-1398,2021-12
3095,3096,59.0,75200.0,1509.6236523962125,Female,South,20.0,Electronics,45.93452030587438,2021-09-01,2022-08-29,9,2021,362,-1157,2022-08
3099,3100,63.0,41000.0,1532.6471287247234,Male,South,18.0,Electronics,46.64909603369162,2021-07-09,2023-11-28,7,2021,872,-701,2023-11
3100,3101,53.0,54100.0,30.05604969193988,Male,North,43.0,Clothing,89.51294814927913,2021-03-27,2022-01-17,3,2021,296,-1381,2022-01
3102,3103,54.0,97000.0,410.9486578404408,Female,South,46.0,Toys,40.368817745666384,2021-09-28,2022-01-24,9,2021,118,-1374,2022-01
3106,3107,26.0,44000.0,1319.281901139741,Female,West,22.0,Health,1.9798730118157248,2021-05-10,2022-09-25,5,2021,503,-1130,2022-09
3111,3112,58.0,59100.0,1259.6742419343525,Female,East,1.0,Electronics,73.17196171082654,2022-09-19,2022-09-25,9,2022,6,-1130,2022-09
3112,3113,56.0,24100.0,1784.5775788555827,Female,East,10.0,Health,83.1332983608313,2022-04-18,2022-12-22,4,2022,248,-1042,2022-12
3113,3114,21.0,54400.0,1021.1995877118344,Male,South,1.0,Toys,64.62609446322361,2021-04-12,2022-01-19,4,2021,282,-1379,2022-01
3115,3116,66.0,70100.0,626.2679225545209,Male,West,39.0,Electronics,37.376925481270185,2021-11-15,2021-12-12,11,2021,27,-1417,2021-12
3117,3118,19.0,26100.0,493.73254824789854,Male,West,9.0,Electronics,95.8577681644864,2021-01-25,2022-11-07,1,2021,651,-1087,2022-11
3119,3120,22.0,115700.0,1644.52865239449,Female,South,7.0,Clothing,56.62122444973933,2022-03-06,2023-12-10,3,2022,644,-689,2023-12
3120,3121,61.0,83000.0,1176.953068890164,Male,East,17.0,Toys,75.10731394364171,2021-05-23,2023-07-14,5,2021,782,-838,2023-07
3121,3122,44.0,89500.0,1026.8843149116735,Male,South,35.0,Toys,6.841048497982916,2022-12-10,2023-05-26,12,2022,167,-887,2023-05
3122,3123,49.0,114900.0,650.5348942754925,Male,West,48.0,Electronics,85.50110090037315,2022-10-19,2023-09-11,10,2022,327,-779,2023-09
3125,3126,55.0,108100.0,1479.385764935467,Female,South,33.0,Health,2.1982706734408386,2021-02-24,2021-05-18,2,2021,83,-1625,2021-05
3127,3128,67.0,85100.0,1731.7918563325256,Female,East,23.0,Health,5.426837073243684,2021-12-29,2023-07-23,12,2021,571,-829,2023-07
3131,3132,78.0,74800.0,1255.9003043346154,Female,South,8.0,Electronics,69.48831054772886,2021-03-06,2023-05-02,3,2021,787,-911,2023-05
3133,3134,20.0,111800.0,1517.3425078361022,Male,East,5.0,Electronics,81.155293067782,2021-04-22,2022-08-24,4,2021,489,-1162,2022-08
3138,3139,61.0,68700.0,1619.3238005374146,Male,North,18.0,Clothing,45.28715845851323,2021-01-01,2021-08-11,1,2021,222,-1540,2021-08
3139,3140,19.0,92400.0,725.6531886138102,Male,West,38.0,Toys,40.575389717642096,2021-05-28,2022-02-06,5,2021,254,-1361,2022-02
3143,3144,51.0,95000.0,923.0770627919316,Female,South,40.0,Toys,76.09876565326091,2022-09-30,2023-07-04,9,2022,277,-848,2023-07
3144,3145,40.0,63700.0,807.5912360314585,Male,West,3.0,Toys,22.09132027965997,2022-05-28,2022-08-04,5,2022,68,-1182,2022-08
3146,3147,69.0,82700.0,1963.266238949676,Male,East,26.0,Health,19.65796760817489,2022-05-17,2022-06-02,5,2022,16,-1245,2022-06
3147,3148,25.0,67200.0,286.79958495919664,Female,West,19.0,Toys,95.42168168347068,2021-05-29,2023-02-07,5,2021,619,-995,2023-02
3148,3149,39.0,59700.0,643.3140166627253,Male,West,44.0,Health,59.81178785355357,2021-09-26,2021-10-22,9,2021,26,-1468,2021-10
3149,3150,61.0,105700.0,981.2853277596738,Male,South,44.0,Toys,75.43547925485487,2022-12-02,2023-10-12,12,2022,314,-748,2023-10
3153,3154,30.0,86200.0,306.96640367681107,Male,South,21.0,Health,3.244617377572445,2021-10-08,2023-01-16,10,2021,465,-1017,2023-01
3154,3155,46.0,106500.0,524.4398209306678,Female,North,41.0,Health,97.53011798999523,2022-02-11,2022-12-20,2,2022,312,-1044,2022-12
3158,3159,72.0,69300.0,1519.9458184040752,Female,North,36.0,Health,73.65579823309496,2021-07-22,2023-12-16,7,2021,877,-683,2023-12
3159,3160,33.0,85400.0,1623.345399716579,Female,North,24.0,Health,79.31143766896918,2022-09-04,2023-03-18,9,2022,195,-956,2023-03
3162,3163,47.0,95600.0,464.6277491524148,Male,East,21.0,Toys,2.592589429929082,2021-04-04,2021-05-29,4,2021,55,-1614,2021-05
3163,3164,74.0,22500.0,941.7012197244098,Female,South,18.0,Health,84.82291325528489,2021-11-20,2023-02-07,11,2021,444,-995,2023-02
3165,3166,33.0,119400.0,1473.933778186553,Female,North,15.0,Toys,66.21234406352879,2022-10-24,2023-09-01,10,2022,312,-789,2023-09
3166,3167,29.0,29300.0,1279.1603619480386,Female,East,6.0,Health,51.26696531760021,2021-12-17,2023-07-11,12,2021,571,-841,2023-07
3171,3172,37.0,42600.0,991.5748049354283,Female,South,29.0,Clothing,14.268078148118756,2022-06-26,2022-12-30,6,2022,187,-1034,2022-12
3172,3173,20.0,44400.0,888.4506431604945,Male,West,21.0,Electronics,14.006800549659236,2021-10-31,2023-01-16,10,2021,442,-1017,2023-01
3175,3176,62.0,31800.0,1888.2352283858304,Male,East,24.0,Clothing,88.92014984609,2021-08-01,2022-04-20,8,2021,262,-1288,2022-04
3176,3177,40.0,90100.0,1807.0170876243797,Female,East,36.0,Health,31.193888215683764,2022-02-10,2023-02-14,2,2022,369,-988,2023-02
3177,3178,45.0,88200.0,1746.879080899623,Female,South,31.0,Electronics,4.243073724864455,2021-05-14,2023-03-11,5,2021,666,-963,2023-03
3178,3179,68.0,50200.0,161.09149864349124,Female,South,47.0,Clothing,64.98760292315197,2021-08-07,2023-08-02,8,2021,725,-819,2023-08
3179,3180,57.0,49500.0,1711.4309618768002,Female,North,34.0,Clothing,68.42392266025806,2022-02-25,2023-10-20,2,2022,602,-740,2023-10
3180,3181,71.0,108300.0,1567.6381819775568,Female,East,2.0,Electronics,55.35916089787103,2021-11-15,2022-09-13,11,2021,302,-1142,2022-09
3181,3182,22.0,95200.0,224.9556350721394,Female,West,42.0,Toys,68.3332645694598,2021-06-06,2023-05-10,6,2021,703,-903,2023-05
3182,3183,37.0,25400.0,232.6803643637193,Male,West,3.0,Clothing,52.375434447439496,2021-07-07,2023-08-22,7,2021,776,-799,2023-08
3184,3185,73.0,78900.0,42.43853454488533,Male,West,8.0,Clothing,4.393740655519451,2021-06-11,2023-03-24,6,2021,651,-950,2023-03
3187,3188,74.0,49300.0,888.5957117415912,Female,South,19.0,Health,9.932613861162732,2021-03-30,2021-05-02,3,2021,33,-1641,2021-05
3188,3189,47.0,27600.0,1090.6998537369657,Female,North,26.0,Toys,23.40926361660719,2021-06-11,2021-08-06,6,2021,56,-1545,2021-08
3190,3191,37.0,73900.0,525.2608129729767,Female,North,15.0,Electronics,97.31313883615972,2021-08-15,2023-03-06,8,2021,568,-968,2023-03
3191,3192,23.0,44100.0,1719.7711001445607,Male,South,14.0,Clothing,28.65459177184627,2021-05-31,2021-06-25,5,2021,25,-1587,2021-06
3193,3194,35.0,37400.0,1147.5634990327612,Male,West,14.0,Clothing,83.48745062689929,2021-02-16,2022-05-06,2,2021,444,-1272,2022-05
3194,3195,25.0,47100.0,699.4842372704214,Female,West,3.0,Toys,41.91162172688389,2022-12-17,2023-01-31,12,2022,45,-1002,2023-01
3197,3198,50.0,112100.0,1533.9942737759422,Male,South,49.0,Toys,41.65345061206146,2022-06-23,2022-08-27,6,2022,65,-1159,2022-08
3198,3199,70.0,38400.0,583.6817678576579,Female,South,23.0,Toys,32.656545495884835,2022-12-02,2023-07-27,12,2022,237,-825,2023-07
3199,3200,33.0,38100.0,1777.4644923980309,Male,South,28.0,Toys,28.633944255478983,2021-06-14,2023-12-02,6,2021,901,-697,2023-12
3204,3205,78.0,67000.0,1512.287420775121,Male,North,27.0,Toys,34.3658579662735,2021-03-07,2021-09-06,3,2021,183,-1514,2021-09
3208,3209,40.0,70300.0,1207.773860344494,Male,East,41.0,Clothing,79.0553679556547,2021-05-10,2022-12-04,5,2021,573,-1060,2022-12
3209,3210,67.0,58000.0,1396.9131285200542,Female,West,45.0,Toys,23.49282632907516,2022-03-22,2022-10-19,3,2022,211,-1106,2022-10
3210,3211,62.0,57700.0,1654.407485076645,Female,North,40.0,Clothing,97.99712896090502,2021-01-29,2023-04-12,1,2021,803,-931,2023-04
3212,3213,58.0,68000.0,970.613499345527,Female,North,24.0,Health,16.9067061164613,2021-08-25,2022-09-18,8,2021,389,-1137,2022-09
3213,3214,38.0,29400.0,1080.0343278240207,Male,East,29.0,Health,49.949670546804,2022-08-22,2023-02-24,8,2022,186,-978,2023-02
3214,3215,19.0,96200.0,354.8672280354725,Male,North,3.0,Toys,72.52857696349471,2022-08-31,2023-11-28,8,2022,454,-701,2023-11
3217,3218,26.0,67200.0,1669.7551821564468,Female,West,2.0,Electronics,85.80779234265962,2022-03-15,2023-05-24,3,2022,435,-889,2023-05
3218,3219,18.0,89500.0,1860.2269808190097,Male,West,20.0,Toys,26.17814826920877,2021-10-16,2021-11-29,10,2021,44,-1430,2021-11
3221,3222,69.0,66800.0,522.9814152419922,Female,West,32.0,Toys,41.41351431395817,2021-04-10,2021-07-16,4,2021,97,-1566,2021-07
3223,3224,40.0,116200.0,1966.3795961911896,Male,South,1.0,Electronics,62.43937964398953,2022-02-26,2022-08-18,2,2022,173,-1168,2022-08
3224,3225,43.0,82700.0,1851.4543575053688,Male,West,38.0,Health,36.09992530301545,2022-10-05,2023-07-02,10,2022,270,-850,2023-07
3225,3226,21.0,33700.0,1575.624916758082,Male,North,35.0,Health,83.09030034615783,2022-11-25,2023-01-05,11,2022,41,-1028,2023-01
3226,3227,35.0,111500.0,665.0434966163241,Female,West,7.0,Clothing,96.29054230495308,2022-12-07,2023-07-08,12,2022,213,-844,2023-07
3232,3233,32.0,65300.0,116.15419212541016,Female,East,29.0,Health,97.7455268334961,2022-02-23,2022-12-17,2,2022,297,-1047,2022-12
3233,3234,39.0,79600.0,906.9483204187476,Male,North,3.0,Health,78.34223015721055,2022-01-15,2023-01-23,1,2022,373,-1010,2023-01
3234,3235,77.0,100100.0,902.3648256278806,Female,South,46.0,Health,58.05493218670399,2022-05-23,2023-10-14,5,2022,509,-746,2023-10
3235,3236,54.0,23600.0,1793.375423066393,Female,East,24.0,Health,2.6352912229547387,2021-04-24,2021-04-25,4,2021,1,-1648,2021-04
3236,3237,69.0,95400.0,269.78313064987725,Male,South,1.0,Clothing,82.55406915073546,2022-05-26,2022-12-23,5,2022,211,-1041,2022-12
3238,3239,29.0,73000.0,311.9561489403044,Male,West,10.0,Toys,5.560651418679042,2022-09-06,2023-02-10,9,2022,157,-992,2023-02
3239,3240,64.0,75900.0,78.87779736331316,Male,South,13.0,Electronics,85.03588473542644,2022-04-14,2022-04-14,4,2022,0,-1294,2022-04
3241,3242,59.0,78300.0,1326.5423363214973,Male,West,9.0,Toys,12.855159786044934,2022-05-07,2023-04-14,5,2022,342,-929,2023-04
3242,3243,55.0,55200.0,874.5369716526683,Female,South,14.0,Clothing,38.65426631740812,2021-04-12,2023-12-20,4,2021,982,-679,2023-12
3247,3248,41.0,95300.0,227.0344722135962,Female,North,35.0,Toys,35.7796028819692,2021-06-16,2022-12-02,6,2021,534,-1062,2022-12
3248,3249,59.0,47900.0,1764.3880879331216,Female,East,7.0,Clothing,49.463386301991775,2021-05-20,2021-09-09,5,2021,112,-1511,2021-09
3249,3250,47.0,78100.0,1064.441970225358,Male,West,42.0,Health,6.352339750597514,2021-04-04,2023-08-31,4,2021,879,-790,2023-08
3250,3251,31.0,117200.0,1653.1775756035652,Male,South,35.0,Health,27.559261664396985,2021-06-30,2022-08-27,6,2021,423,-1159,2022-08
3252,3253,20.0,101800.0,1856.795592169048,Male,North,15.0,Clothing,73.626276777764,2021-01-04,2021-09-25,1,2021,264,-1495,2021-09
3253,3254,33.0,112900.0,1900.661826863004,Female,North,9.0,Electronics,24.282185501123365,2022-08-29,2023-10-03,8,2022,400,-757,2023-10
3254,3255,24.0,36900.0,1118.5550770765462,Female,East,47.0,Toys,50.38200987207079,2022-01-24,2022-12-08,1,2022,318,-1056,2022-12
3255,3256,69.0,108700.0,695.2199410669471,Male,East,17.0,Electronics,81.7531105204505,2021-09-29,2022-06-24,9,2021,268,-1223,2022-06
3256,3257,31.0,57100.0,1924.4924512090367,Male,North,39.0,Clothing,37.99101608895553,2021-05-12,2022-12-07,5,2021,574,-1057,2022-12
3257,3258,26.0,60400.0,1103.864683882426,Female,West,18.0,Toys,13.377126735678925,2022-08-07,2023-10-08,8,2022,427,-752,2023-10
3258,3259,32.0,75500.0,147.22039145012985,Female,East,15.0,Toys,43.18703896124693,2022-08-16,2022-09-11,8,2022,26,-1144,2022-09
3260,3261,52.0,77800.0,1183.6158057821212,Female,South,24.0,Toys,0.7398528192379517,2022-11-17,2023-10-18,11,2022,335,-742,2023-10
3261,3262,19.0,30600.0,1793.6698883315178,Female,West,23.0,Toys,34.85675066807289,2021-02-21,2023-02-21,2,2021,730,-981,2023-02
3263,3264,19.0,21700.0,711.1238004338717,Male,East,23.0,Toys,95.19119500446703,2022-03-22,2023-04-21,3,2022,395,-922,2023-04
3266,3267,31.0,72300.0,1268.2268843950817,Male,East,8.0,Health,53.42190979668533,2021-10-07,2022-05-31,10,2021,236,-1247,2022-05
3267,3268,37.0,23200.0,599.9919027381833,Female,West,30.0,Toys,28.57523610996804,2021-02-13,2021-11-12,2,2021,272,-1447,2021-11
3268,3269,35.0,113100.0,759.6097867023052,Female,South,34.0,Electronics,21.4779399314784,2021-12-25,2023-10-29,12,2021,673,-731,2023-10
3272,3273,42.0,114000.0,1433.523848125264,Female,East,33.0,Toys,18.229253886909248,2022-11-21,2023-11-11,11,2022,355,-718,2023-11
3274,3275,71.0,91600.0,816.7392583325716,Male,East,6.0,Health,22.986863437336925,2021-04-11,2021-10-30,4,2021,202,-1460,2021-10
3275,3276,50.0,24600.0,319.8860923528207,Male,East,23.0,Health,29.070126069321923,2022-11-23,2023-09-06,11,2022,287,-784,2023-09
3277,3278,48.0,78600.0,1545.970102105263,Female,West,19.0,Electronics,91.10501507137712,2021-09-25,2023-09-27,9,2021,732,-763,2023-09
3278,3279,31.0,88300.0,542.7454352223482,Male,North,43.0,Clothing,16.863076454516236,2021-12-28,2022-06-26,12,2021,180,-1221,2022-06
3280,3281,63.0,98300.0,1343.639704278946,Female,North,8.0,Electronics,29.311810323694875,2021-02-06,2022-07-06,2,2021,515,-1211,2022-07
3286,3287,20.0,41500.0,480.4847870285206,Female,South,48.0,Clothing,1.4928967236017665,2021-11-05,2023-05-16,11,2021,557,-897,2023-05
3290,3291,42.0,62000.0,1630.5456492580656,Male,West,23.0,Electronics,15.1240250040368,2021-04-20,2023-11-04,4,2021,928,-725,2023-11
3293,3294,51.0,69900.0,487.94644873212735,Male,North,24.0,Clothing,24.649558743576986,2021-09-17,2022-02-20,9,2021,156,-1347,2022-02
3295,3296,38.0,63500.0,1160.7954730554131,Male,North,35.0,Health,38.485173715183976,2021-09-25,2023-12-22,9,2021,818,-677,2023-12
3296,3297,51.0,113500.0,1116.282110408078,Female,South,4.0,Toys,21.089030490099127,2021-02-01,2022-05-08,2,2021,461,-1270,2022-05
3297,3298,21.0,60500.0,393.00231848304855,Male,West,44.0,Electronics,75.11917895573143,2021-06-26,2021-11-19,6,2021,146,-1440,2021-11
3298,3299,42.0,103200.0,131.36845474404151,Female,South,37.0,Electronics,15.036389033582276,2021-04-14,2022-04-13,4,2021,364,-1295,2022-04
3299,3300,32.0,40500.0,179.80273930409223,Male,East,17.0,Clothing,79.89023148204372,2021-08-24,2023-12-21,8,2021,849,-678,2023-12
3303,3304,29.0,47400.0,406.2083500279994,Male,West,27.0,Health,74.91885190354829,2021-02-04,2022-04-28,2,2021,448,-1280,2022-04
3304,3305,49.0,51800.0,1921.9257019204013,Female,East,42.0,Health,5.151559325111532,2021-04-27,2022-09-15,4,2021,506,-1140,2022-09
3306,3307,45.0,33800.0,1027.982020561613,Male,South,6.0,Clothing,70.2739488390535,2022-04-03,2022-04-30,4,2022,27,-1278,2022-04
3307,3308,30.0,76700.0,1662.797455145787,Female,East,15.0,Clothing,32.0172290621358,2022-04-16,2023-04-20,4,2022,369,-923,2023-04
3309,3310,31.0,110800.0,861.160495690263,Male,West,48.0,Toys,86.14923797186252,2022-08-20,2023-02-18,8,2022,182,-984,2023-02
3310,3311,37.0,83000.0,273.8065183922138,Female,West,40.0,Health,90.28401284526588,2021-04-27,2023-07-20,4,2021,814,-832,2023-07
3311,3312,35.0,100200.0,263.38532239796604,Male,South,7.0,Health,89.15732810387438,2021-12-28,2023-03-06,12,2021,433,-968,2023-03
3312,3313,46.0,117600.0,1246.745085061746,Male,West,49.0,Health,80.87402925663275,2021-07-23,2023-01-23,7,2021,549,-1010,2023-01
3313,3314,77.0,45500.0,1357.5540898677125,Male,North,45.0,Toys,81.9032020836373,2021-05-26,2022-03-02,5,2021,280,-1337,2022-03
3314,3315,23.0,21900.0,1559.1183778827426,Female,North,47.0,Health,57.27679028775595,2022-03-20,2023-12-27,3,2022,647,-672,2023-12
3316,3317,46.0,70300.0,1298.6033986773857,Male,East,31.0,Electronics,8.677328205899492,2022-09-09,2022-11-16,9,2022,68,-1078,2022-11
3317,3318,60.0,36600.0,46.76419796544572,Male,West,2.0,Toys,64.95532494062,2021-10-24,2022-07-01,10,2021,250,-1216,2022-07
3318,3319,79.0,105200.0,341.09803973163235,Female,North,28.0,Electronics,40.1165160327027,2022-08-04,2023-07-05,8,2022,335,-847,2023-07
3320,3321,77.0,55700.0,170.46714250534694,Female,North,13.0,Clothing,23.107762262212876,2021-08-19,2021-11-10,8,2021,83,-1449,2021-11
3321,3322,40.0,66400.0,1364.000680075285,Male,East,18.0,Clothing,64.9417173643192,2021-07-22,2021-08-08,7,2021,17,-1543,2021-08
3323,3324,48.0,97900.0,1439.102799819931,Female,East,11.0,Toys,46.0812797975354,2022-01-30,2022-04-08,1,2022,68,-1300,2022-04
3326,3327,36.0,54800.0,553.8761104540242,Male,West,29.0,Toys,87.62077263876397,2022-01-31,2022-05-11,1,2022,100,-1267,2022-05
3328,3329,27.0,109400.0,792.370356784823,Female,North,35.0,Clothing,86.6783777938346,2021-12-22,2023-04-17,12,2021,481,-926,2023-04
3329,3330,42.0,114800.0,405.2049800058243,Male,East,19.0,Health,26.2535695495924,2022-02-05,2022-08-25,2,2022,201,-1161,2022-08
3330,3331,19.0,105100.0,1468.7256055992138,Male,South,13.0,Clothing,17.233594546814057,2021-08-29,2023-02-09,8,2021,529,-993,2023-02
3331,3332,79.0,21700.0,325.21209818594167,Female,South,5.0,Clothing,1.8016647620129669,2021-12-07,2022-11-04,12,2021,332,-1090,2022-11
3333,3334,67.0,105500.0,1039.0456576226184,Male,West,14.0,Health,14.747060488661193,2022-06-27,2023-03-16,6,2022,262,-958,2023-03
3334,3335,78.0,111200.0,229.28719568101536,Female,West,38.0,Health,7.885556237796953,2022-09-13,2022-10-01,9,2022,18,-1124,2022-10
3337,3338,32.0,26800.0,610.1539921537228,Female,East,49.0,Toys,93.73626722750438,2022-06-13,2022-06-20,6,2022,7,-1227,2022-06
3338,3339,26.0,112100.0,856.6279728432326,Male,West,40.0,Electronics,95.98608365756688,2021-09-24,2023-11-27,9,2021,794,-702,2023-11
3340,3341,36.0,46000.0,540.7911547707124,Male,West,45.0,Clothing,53.00246368249503,2021-08-08,2021-12-15,8,2021,129,-1414,2021-12
3344,3345,26.0,95900.0,1373.2002843667558,Female,South,49.0,Toys,85.57290841417408,2021-01-20,2022-07-24,1,2021,550,-1193,2022-07
3346,3347,79.0,70800.0,1013.643680260164,Female,South,28.0,Health,83.4575864994953,2021-02-06,2021-04-24,2,2021,77,-1649,2021-04
3348,3349,68.0,60200.0,1685.8526436319755,Male,East,14.0,Clothing,46.60657843187356,2021-02-08,2021-05-12,2,2021,93,-1631,2021-05
3349,3350,24.0,106700.0,1167.9375857198609,Female,West,47.0,Health,45.9199383395387,2021-04-19,2021-12-14,4,2021,239,-1415,2021-12
3351,3352,33.0,116800.0,580.1141013770031,Male,North,43.0,Toys,94.91780201157658,2021-03-05,2023-09-10,3,2021,919,-780,2023-09
3352,3353,77.0,105800.0,1791.8410173969291,Male,West,11.0,Electronics,59.848610642600605,2021-06-24,2023-01-02,6,2021,557,-1031,2023-01
3353,3354,50.0,88500.0,67.92796795660905,Male,North,9.0,Electronics,13.797313314069337,2021-02-01,2022-10-16,2,2021,622,-1109,2022-10
3358,3359,34.0,65900.0,1186.7857411684454,Female,North,1.0,Health,21.974691662810507,2021-07-25,2022-07-07,7,2021,347,-1210,2022-07
3363,3364,46.0,75100.0,56.39435975497926,Female,North,17.0,Electronics,38.72233050701784,2021-01-11,2023-07-27,1,2021,927,-825,2023-07
3364,3365,69.0,70800.0,1385.484268924634,Female,West,3.0,Health,18.852211110846675,2021-02-18,2021-06-13,2,2021,115,-1599,2021-06
3366,3367,77.0,94000.0,1259.448149557548,Male,East,37.0,Toys,80.26712203158792,2021-06-20,2022-11-22,6,2021,520,-1072,2022-11
3367,3368,55.0,21900.0,318.07828436320494,Female,West,17.0,Clothing,89.34820383198382,2021-05-23,2022-08-01,5,2021,435,-1185,2022-08
3368,3369,56.0,59600.0,948.6992923986064,Female,West,49.0,Clothing,49.30756558931449,2021-07-26,2022-09-03,7,2021,404,-1152,2022-09
3370,3371,54.0,99300.0,1178.4540764189678,Female,West,1.0,Electronics,80.78351365272624,2022-05-24,2023-01-31,5,2022,252,-1002,2023-01
3372,3373,79.0,45100.0,1001.4677250528534,Female,North,26.0,Electronics,4.087397748563316,2021-01-05,2023-08-29,1,2021,966,-792,2023-08
3375,3376,24.0,36500.0,197.24998965774776,Male,North,19.0,Toys,57.36798202909772,2021-07-09,2021-12-15,7,2021,159,-1414,2021-12
3376,3377,44.0,52500.0,878.8809833261643,Female,South,30.0,Electronics,97.80673088462224,2021-07-07,2021-09-06,7,2021,61,-1514,2021-09
3378,3379,39.0,116200.0,1041.9469132555057,Female,West,14.0,Toys,5.973840573126099,2022-06-09,2022-12-14,6,2022,188,-1050,2022-12
3379,3380,31.0,84500.0,623.5795751274086,Male,South,13.0,Clothing,72.57690156723606,2022-01-01,2023-10-04,1,2022,641,-756,2023-10
3380,3381,24.0,25900.0,1382.0619810815422,Male,West,20.0,Health,33.63266123304779,2021-06-06,2021-09-04,6,2021,90,-1516,2021-09
3381,3382,54.0,59600.0,1730.6305475788308,Male,West,26.0,Health,68.20827030859465,2021-03-21,2022-04-26,3,2021,401,-1282,2022-04
3384,3385,22.0,52800.0,250.0375370230965,Female,North,9.0,Clothing,85.2949554339555,2022-12-19,2023-10-26,12,2022,311,-734,2023-10
3386,3387,72.0,52100.0,898.8348624583274,Female,North,48.0,Electronics,88.95551145020065,2022-06-02,2023-03-07,6,2022,278,-967,2023-03
3390,3391,38.0,43600.0,1117.515397578946,Female,East,34.0,Health,96.64644373617358,2021-12-10,2022-02-06,12,2021,58,-1361,2022-02
3392,3393,55.0,36600.0,1473.771046348445,Male,South,19.0,Electronics,3.229365006749118,2021-07-24,2023-02-03,7,2021,559,-999,2023-02
3396,3397,40.0,81700.0,447.9294767305492,Male,East,17.0,Health,72.86004799966389,2022-02-04,2023-11-17,2,2022,651,-712,2023-11
3397,3398,75.0,102400.0,383.14259024728455,Female,East,16.0,Health,96.4662680718336,2022-03-25,2022-08-26,3,2022,154,-1160,2022-08
3399,3400,56.0,103800.0,1638.779352498302,Male,East,21.0,Clothing,29.86284370678827,2021-03-23,2021-12-28,3,2021,280,-1401,2021-12
3400,3401,22.0,80400.0,1689.040986415432,Female,East,8.0,Electronics,64.13803109801697,2021-12-08,2022-10-20,12,2021,316,-1105,2022-10
3402,3403,30.0,58800.0,1724.4055081197405,Male,East,10.0,Clothing,99.80205148205228,2021-02-18,2023-08-30,2,2021,923,-791,2023-08
3403,3404,38.0,69300.0,30.77854419954733,Male,West,10.0,Clothing,13.873791122677758,2021-07-25,2023-09-07,7,2021,774,-783,2023-09
3408,3409,70.0,117500.0,1512.148060326415,Male,West,33.0,Toys,65.60077089045355,2021-08-19,2021-12-13,8,2021,116,-1416,2021-12
3410,3411,54.0,36000.0,1548.7372572849445,Female,North,3.0,Electronics,43.27929242068605,2022-05-02,2023-03-20,5,2022,322,-954,2023-03
3411,3412,62.0,113900.0,1687.8952409602775,Female,East,42.0,Clothing,56.06850818894642,2022-03-05,2023-04-29,3,2022,420,-914,2023-04
3413,3414,53.0,86700.0,353.05796301841235,Male,West,18.0,Clothing,56.95659175775012,2021-10-11,2023-12-17,10,2021,797,-682,2023-12
3415,3416,52.0,119800.0,406.3154636479359,Female,East,20.0,Toys,34.31937984433618,2021-10-03,2023-01-07,10,2021,461,-1026,2023-01
3416,3417,66.0,108900.0,1787.370429527411,Female,North,6.0,Clothing,52.98458033394685,2022-03-09,2022-06-02,3,2022,85,-1245,2022-06
3418,3419,28.0,89600.0,1360.4139695758363,Female,South,42.0,Electronics,61.251983535686925,2022-12-23,2023-01-16,12,2022,24,-1017,2023-01
3420,3421,69.0,101400.0,206.10204024487203,Female,South,30.0,Toys,65.25349649409644,2021-08-04,2022-02-24,8,2021,204,-1343,2022-02
3421,3422,72.0,32300.0,595.6301690889169,Male,West,9.0,Health,37.24111440144412,2021-04-07,2021-05-20,4,2021,43,-1623,2021-05
3422,3423,70.0,109900.0,1967.789070914072,Female,South,27.0,Electronics,33.17464916810625,2021-04-29,2022-12-08,4,2021,588,-1056,2022-12
3427,3428,69.0,42700.0,1229.6998088758644,Female,West,49.0,Toys,71.04642835964525,2022-04-03,2022-05-26,4,2022,53,-1252,2022-05
3428,3429,65.0,43900.0,99.4467481167988,Male,South,17.0,Toys,31.45024755542828,2021-11-14,2022-06-22,11,2021,220,-1225,2022-06
3430,3431,35.0,99600.0,1123.709972943353,Male,East,36.0,Clothing,31.015221230152637,2021-05-22,2023-06-16,5,2021,755,-866,2023-06
3431,3432,57.0,100200.0,1739.5827793814838,Female,South,12.0,Electronics,43.42959821172019,2022-04-02,2023-11-28,4,2022,605,-701,2023-11
3434,3435,46.0,111300.0,1402.384244215512,Female,West,9.0,Electronics,0.6140162664697746,2021-09-25,2021-11-04,9,2021,40,-1455,2021-11
3437,3438,55.0,89900.0,630.769040913719,Male,South,46.0,Health,18.80252377707282,2021-06-09,2023-01-20,6,2021,590,-1013,2023-01
3438,3439,59.0,61800.0,59.6910790744781,Male,South,17.0,Health,94.3650071811184,2021-01-14,2021-10-31,1,2021,290,-1459,2021-10
3440,3441,59.0,40400.0,1403.690667483145,Male,West,40.0,Electronics,2.5479433576306554,2021-06-04,2023-11-28,6,2021,907,-701,2023-11
3442,3443,66.0,54600.0,297.5275580978061,Female,South,39.0,Clothing,69.20674842711946,2022-07-26,2023-12-06,7,2022,498,-693,2023-12
3443,3444,58.0,106500.0,1097.4826349740674,Female,East,48.0,Clothing,20.16198988105953,2021-02-12,2021-09-13,2,2021,213,-1507,2021-09
3445,3446,73.0,103900.0,208.2854224672444,Female,South,17.0,Toys,61.77062213946729,2021-11-07,2023-03-29,11,2021,507,-945,2023-03
3446,3447,26.0,26400.0,127.33925352786626,Male,East,27.0,Electronics,51.8354790594183,2022-09-13,2023-08-31,9,2022,352,-790,2023-08
3450,3451,77.0,86500.0,514.256914732955,Female,West,23.0,Clothing,5.701754401853876,2021-06-12,2022-05-03,6,2021,325,-1275,2022-05
3451,3452,65.0,65900.0,1757.87166217994,Female,West,32.0,Clothing,3.8989419818228335,2021-12-17,2022-04-03,12,2021,107,-1305,2022-04
3452,3453,46.0,77100.0,1630.036976960352,Female,South,43.0,Health,98.71970480276607,2021-08-22,2022-06-12,8,2021,294,-1235,2022-06
3453,3454,50.0,117300.0,1916.5038306010476,Male,West,47.0,Electronics,64.48478776969539,2022-02-07,2022-08-14,2,2022,188,-1172,2022-08
3454,3455,27.0,99800.0,1769.848790606903,Female,South,18.0,Electronics,71.53705396675714,2021-12-17,2022-06-09,12,2021,174,-1238,2022-06
3455,3456,67.0,33900.0,1867.992249850368,Female,South,38.0,Clothing,9.648201973516846,2021-06-16,2022-01-05,6,2021,203,-1393,2022-01
3457,3458,77.0,108400.0,1392.8961632174137,Male,West,15.0,Clothing,16.025359393577098,2021-01-28,2023-07-05,1,2021,888,-847,2023-07
3458,3459,57.0,84000.0,357.1131212083632,Female,West,28.0,Toys,42.71956027974696,2021-09-16,2022-10-26,9,2021,405,-1099,2022-10
3464,3465,25.0,45500.0,1906.2922756681696,Male,South,19.0,Clothing,37.519519176787874,2021-07-30,2021-12-29,7,2021,152,-1400,2021-12
3466,3467,39.0,43200.0,1022.5740954960085,Female,North,34.0,Toys,13.35289733121401,2022-03-21,2022-09-04,3,2022,167,-1151,2022-09
3467,3468,25.0,23800.0,1943.602386472196,Male,West,4.0,Health,23.179639045595447,2022-03-29,2022-12-23,3,2022,269,-1041,2022-12
3470,3471,34.0,80400.0,465.9750066237877,Male,South,3.0,Electronics,13.26886118258459,2021-03-07,2023-07-29,3,2021,874,-823,2023-07
3474,3475,62.0,59600.0,1131.72632859862,Male,West,29.0,Toys,4.372569542779781,2021-08-16,2023-02-20,8,2021,553,-982,2023-02
